path,bub_id,frame,n_vertices,f_hz_bem,f_hz_nn8_10k,f_hz_poly2
<bubblegym-data>/results/selected-dataMR3D_single_bubble_dx2p00mm_v6_rollL/ppm_ve_home_test_phi_iter/mc_surface_per_bubble_smoothed_lap3/bub_1/frame_00000.obj,1,00000,2622,5.293385806984717,5.29395086,5.29010721
<bubblegym-data>/results/selected-dataMR3D_single_bubble_dx2p00mm_v6_rollL/ppm_ve_home_test_phi_iter/mc_surface_per_bubble_smoothed_lap3/bub_1/frame_00400.obj,1,00400,2622,5.293385806984717,5.29395086,5.29010721
<bubblegym-data>/results/selected-dataMR3D_single_bubble_dx2p00mm_v6_rollL/ppm_ve_home_test_phi_iter/mc_surface_per_bubble_smoothed_lap3/bub_1/frame_00450.obj,1,00450,2854,5.295911253145446,5.29563929,5.29103882
<bubblegym-data>/results/selected-dataMR3D_single_bubble_dx2p00mm_v6_rollL/ppm_ve_home_test_phi_iter/mc_surface_per_bubble_smoothed_lap3/bub_1/frame_00500.obj,1,00500,2882,5.295429968461175,5.29529904,5.29010802
<bubblegym-data>/results/selected-dataMR3D_single_bubble_dx2p00mm_v6_rollL/ppm_ve_home_test_phi_iter/mc_surface_per_bubble_smoothed_lap3/bub_1/frame_00550.obj,1,00550,3002,5.301912177616757,5.30159633,5.29636805
<bubblegym-data>/results/selected-dataMR3D_single_bubble_dx2p00mm_v6_rollL/ppm_ve_home_test_phi_iter/mc_surface_per_bubble_smoothed_lap3/bub_1/frame_00600.obj,1,00600,3056,5.301532160208123,5.30247109,5.2953221
<bubblegym-data>/results/selected-dataMR3D_single_bubble_dx2p00mm_v6_rollL/ppm_ve_home_test_phi_iter/mc_surface_per_bubble_smoothed_lap3/bub_1/frame_00650.obj,1,00650,2962,5.300438338971297,5.3010263,5.29540557
<bubblegym-data>/results/selected-dataMR3D_single_bubble_dx2p00mm_v6_rollL/ppm_ve_home_test_phi_iter/mc_surface_per_bubble_smoothed_lap3/bub_1/frame_00700.obj,1,00700,2934,5.299371479239919,5.2989426,5.29412209
<bubblegym-data>/results/selected-dataMR3D_single_bubble_dx2p00mm_v6_rollL/ppm_ve_home_test_phi_iter/mc_surface_per_bubble_smoothed_lap3/bub_1/frame_00750.obj,1,00750,2902,5.301706027059921,5.30016821,5.2968058
<bubblegym-data>/results/selected-dataMR3D_single_bubble_dx2p00mm_v6_rollL/ppm_ve_home_test_phi_iter/mc_surface_per_bubble_smoothed_lap3/bub_1/frame_00800.obj,1,00800,2898,5.308077624964639,5.30633592,5.30545368
<bubblegym-data>/results/selected-dataMR3D_single_bubble_dx2p00mm_v6_rollL/ppm_ve_home_test_phi_iter/mc_surface_per_bubble_smoothed_lap3/bub_1/frame_00850.obj,1,00850,2964,5.310445398845504,5.30778406,5.30661905
<bubblegym-data>/results/selected-dataMR3D_single_bubble_dx2p00mm_v6_rollL/ppm_ve_home_test_phi_iter/mc_surface_per_bubble_smoothed_lap3/bub_1/frame_00900.obj,1,00900,2930,5.3219550950894465,5.31859207,5.31789598
<bubblegym-data>/results/selected-dataMR3D_single_bubble_dx2p00mm_v6_rollL/ppm_ve_home_test_phi_iter/mc_surface_per_bubble_smoothed_lap3/bub_1/frame_00950.obj,1,00950,2988,5.330466111761469,5.32851685,5.32616082
<bubblegym-data>/results/selected-dataMR3D_single_bubble_dx2p00mm_v6_rollL/ppm_ve_home_test_phi_iter/mc_surface_per_bubble_smoothed_lap3/bub_1/frame_01000.obj,1,01000,3120,5.3427795010559445,5.34207863,5.33861536
<bubblegym-data>/results/selected-dataMR3D_single_bubble_dx2p00mm_v6_rollL/ppm_ve_home_test_phi_iter/mc_surface_per_bubble_smoothed_lap3/bub_1/frame_01050.obj,1,01050,3202,5.355859679956775,5.35938303,5.35738557
<bubblegym-data>/results/selected-dataMR3D_single_bubble_dx2p00mm_v6_rollL/ppm_ve_home_test_phi_iter/mc_surface_per_bubble_smoothed_lap3/bub_1/frame_01100.obj,1,01100,3284,5.370293312200058,5.3758616,5.38677573
<bubblegym-data>/results/selected-dataMR3D_single_bubble_dx2p00mm_v6_rollL/ppm_ve_home_test_phi_iter/mc_surface_per_bubble_smoothed_lap3/bub_1/frame_01150.obj,1,01150,3368,5.385355901642281,5.39028665,5.4311594
<bubblegym-data>/results/selected-dataMR3D_single_bubble_dx2p00mm_v6_rollL/ppm_ve_home_test_phi_iter/mc_surface_per_bubble_smoothed_lap3/bub_1/frame_01200.obj,1,01200,3454,5.399508838332417,5.40115449,5.47739858
<bubblegym-data>/results/selected-dataMR3D_single_bubble_dx2p00mm_v6_rollL/ppm_ve_home_test_phi_iter/mc_surface_per_bubble_smoothed_lap3/bub_1/frame_01250.obj,1,01250,3602,5.418313407584537,5.41367611,5.54750143
<bubblegym-data>/results/selected-dataMR3D_single_bubble_dx2p00mm_v6_rollL/ppm_ve_home_test_phi_iter/mc_surface_per_bubble_smoothed_lap3/bub_1/frame_01300.obj,1,01300,3794,5.435295865191296,5.42229595,5.63927603
<bubblegym-data>/results/selected-dataMR3D_single_bubble_dx2p00mm_v6_rollL/ppm_ve_home_test_phi_iter/mc_surface_per_bubble_smoothed_lap3/bub_1/frame_01350.obj,1,01350,3960,5.453102989031519,5.4311723,5.74816674
<bubblegym-data>/results/selected-dataMR3D_single_bubble_dx2p00mm_v6_rollL/ppm_ve_home_test_phi_iter/mc_surface_per_bubble_smoothed_lap3/bub_1/frame_01400.obj,1,01400,4106,5.466894862678218,5.44064038,5.82610867
<bubblegym-data>/results/selected-dataMR3D_single_bubble_dx2p00mm_v6_rollL/ppm_ve_home_test_phi_iter/mc_surface_per_bubble_smoothed_lap3/bub_1/frame_01450.obj,1,01450,4148,5.485699752359096,5.48046785,5.69348795
<bubblegym-data>/results/selected-dataMR3D_single_bubble_dx2p00mm_v6_rollL/ppm_ve_home_test_phi_iter/mc_surface_per_bubble_smoothed_lap3/bub_1/frame_01500.obj,1,01500,4156,5.492749843937653,5.48988967,5.68612137
<bubblegym-data>/results/selected-dataMR3D_single_bubble_dx2p00mm_v6_rollL/ppm_ve_home_test_phi_iter/mc_surface_per_bubble_smoothed_lap3/bub_1/frame_01550.obj,1,01550,4114,5.5088914848642245,5.50091439,5.70196928
<bubblegym-data>/results/selected-dataMR3D_single_bubble_dx2p00mm_v6_rollL/ppm_ve_home_test_phi_iter/mc_surface_per_bubble_smoothed_lap3/bub_1/frame_01600.obj,1,01600,4240,5.517223643333392,5.51036939,5.71491804
<bubblegym-data>/results/selected-dataMR3D_single_bubble_dx2p00mm_v6_rollL/ppm_ve_home_test_phi_iter/mc_surface_per_bubble_smoothed_lap3/bub_1/frame_01650.obj,1,01650,4220,5.525839437551272,5.51691587,5.72904844
<bubblegym-data>/results/selected-dataMR3D_single_bubble_dx2p00mm_v6_rollL/ppm_ve_home_test_phi_iter/mc_surface_per_bubble_smoothed_lap3/bub_1/frame_01700.obj,1,01700,4230,5.532691940083257,5.5183899,5.7534591
<bubblegym-data>/results/selected-dataMR3D_single_bubble_dx2p00mm_v6_rollL/ppm_ve_home_test_phi_iter/mc_surface_per_bubble_smoothed_lap3/bub_1/frame_01750.obj,1,01750,4280,5.541412674742692,5.52560787,5.75978112
<bubblegym-data>/results/selected-dataMR3D_single_bubble_dx2p00mm_v6_rollL/ppm_ve_home_test_phi_iter/mc_surface_per_bubble_smoothed_lap3/bub_1/frame_01800.obj,1,01800,4388,5.550812049860002,5.52532793,5.80893198
<bubblegym-data>/results/selected-dataMR3D_single_bubble_dx2p00mm_v6_rollL/ppm_ve_home_test_phi_iter/mc_surface_per_bubble_smoothed_lap3/bub_1/frame_01850.obj,1,01850,4522,5.5566325505967935,5.5273122,5.84394234
<bubblegym-data>/results/selected-dataMR3D_single_bubble_dx2p00mm_v6_rollL/ppm_ve_home_test_phi_iter/mc_surface_per_bubble_smoothed_lap3/bub_1/frame_01900.obj,1,01900,4576,5.567251034881322,5.52656373,5.93555632
<bubblegym-data>/results/selected-dataMR3D_single_bubble_dx2p00mm_v6_rollL/ppm_ve_home_test_phi_iter/mc_surface_per_bubble_smoothed_lap3/bub_1/frame_01950.obj,1,01950,4742,5.575882278897177,5.52422937,6.05934552
<bubblegym-data>/results/selected-dataMR3D_single_bubble_dx2p00mm_v6_rollL/ppm_ve_home_test_phi_iter/mc_surface_per_bubble_smoothed_lap3/bub_1/frame_02000.obj,1,02000,4914,5.581670396330991,5.51334852,6.26077629
<bubblegym-data>/results/selected-dataMR3D_single_bubble_dx2p00mm_v6_rollL/ppm_ve_home_test_phi_iter/mc_surface_per_bubble_smoothed_lap3/bub_1/frame_02050.obj,1,02050,5156,5.586712132554334,5.50880228,6.45664162
<bubblegym-data>/results/selected-dataMR3D_single_bubble_dx2p00mm_v6_rollL/ppm_ve_home_test_phi_iter/mc_surface_per_bubble_smoothed_lap3/bub_1/frame_02100.obj,1,02100,5490,5.590609988633242,5.49003888,6.88033846
<bubblegym-data>/results/selected-dataMR3D_single_bubble_dx2p00mm_v6_rollL/ppm_ve_home_test_phi_iter/mc_surface_per_bubble_smoothed_lap3/bub_1/frame_02150.obj,1,02150,5662,5.5921500945637055,5.47794661,7.12143477
<bubblegym-data>/results/selected-dataMR3D_single_bubble_dx2p00mm_v6_rollL/ppm_ve_home_test_phi_iter/mc_surface_per_bubble_smoothed_lap3/bub_1/frame_02200.obj,1,02200,5886,5.6063722943099705,5.54382134,6.6412949
<bubblegym-data>/results/selected-dataMR3D_single_bubble_dx2p00mm_v6_rollL/ppm_ve_home_test_phi_iter/mc_surface_per_bubble_smoothed_lap3/bub_1/frame_02250.obj,1,02250,5962,5.608629612408812,5.55616699,6.57888963
<bubblegym-data>/results/selected-dataMR3D_single_bubble_dx2p00mm_v6_rollL/ppm_ve_home_test_phi_iter/mc_surface_per_bubble_smoothed_lap3/bub_1/frame_02300.obj,1,02300,5974,5.600582490520752,5.55597558,6.55740499
<bubblegym-data>/results/selected-dataMR3D_single_bubble_dx2p00mm_v6_rollL/ppm_ve_home_test_phi_iter/mc_surface_per_bubble_smoothed_lap3/bub_1/frame_02350.obj,1,02350,5864,5.5990254745072745,5.56852553,6.25116731
<bubblegym-data>/results/selected-dataMR3D_single_bubble_dx2p00mm_v6_rollL/ppm_ve_home_test_phi_iter/mc_surface_per_bubble_smoothed_lap3/bub_1/frame_02400.obj,1,02400,5858,5.584840363411151,5.53311296,6.41637101
<bubblegym-data>/results/selected-dataMR3D_single_bubble_dx2p00mm_v6_rollL/ppm_ve_home_test_phi_iter/mc_surface_per_bubble_smoothed_lap3/bub_1/frame_02450.obj,1,02450,5576,5.60745828697933,5.58468174,5.82019076
<bubblegym-data>/results/selected-dataMR3D_single_bubble_dx2p00mm_v6_rollL/ppm_ve_home_test_phi_iter/mc_surface_per_bubble_smoothed_lap3/bub_1/frame_02500.obj,1,02500,5368,5.618708639466742,5.58188897,5.69972048
<bubblegym-data>/results/selected-dataMR3D_single_bubble_dx2p00mm_v6_rollL/ppm_ve_home_test_phi_iter/mc_surface_per_bubble_smoothed_lap3/bub_1/frame_02550.obj,1,02550,5310,5.6177078725624385,5.58394348,5.69342825
<bubblegym-data>/results/selected-dataMR3D_single_bubble_dx2p00mm_v6_rollL/ppm_ve_home_test_phi_iter/mc_surface_per_bubble_smoothed_lap3/bub_1/frame_02600.obj,1,02600,5184,5.621047931240763,5.58786825,5.69882809
<bubblegym-data>/results/selected-dataMR3D_single_bubble_dx2p00mm_v6_rollL/ppm_ve_home_test_phi_iter/mc_surface_per_bubble_smoothed_lap3/bub_1/frame_02650.obj,1,02650,5140,5.625315968988136,5.59598955,5.76226159
<bubblegym-data>/results/selected-dataMR3D_single_bubble_dx2p00mm_v6_rollL/ppm_ve_home_test_phi_iter/mc_surface_per_bubble_smoothed_lap3/bub_1/frame_02700.obj,1,02700,5036,5.63327790728408,5.59542322,5.71474719
<bubblegym-data>/results/selected-dataMR3D_single_bubble_dx2p00mm_v6_rollL/ppm_ve_home_test_phi_iter/mc_surface_per_bubble_smoothed_lap3/bub_1/frame_02750.obj,1,02750,4986,5.643031888911948,5.59811465,5.73902092
<bubblegym-data>/results/selected-dataMR3D_single_bubble_dx2p00mm_v6_rollL/ppm_ve_home_test_phi_iter/mc_surface_per_bubble_smoothed_lap3/bub_1/frame_02800.obj,1,02800,5004,5.654971868520698,5.60461037,5.76927274
<bubblegym-data>/results/selected-dataMR3D_single_bubble_dx2p00mm_v6_rollL/ppm_ve_home_test_phi_iter/mc_surface_per_bubble_smoothed_lap3/bub_1/frame_02850.obj,1,02850,4988,5.674427054376994,5.61123537,5.79992602
<bubblegym-data>/results/selected-dataMR3D_single_bubble_dx2p00mm_v6_rollL/ppm_ve_home_test_phi_iter/mc_surface_per_bubble_smoothed_lap3/bub_1/frame_02900.obj,1,02900,5012,5.688298979863556,5.62296761,5.80614637
<bubblegym-data>/results/selected-dataMR3D_single_bubble_dx2p00mm_v6_rollL/ppm_ve_home_test_phi_iter/mc_surface_per_bubble_smoothed_lap3/bub_1/frame_02950.obj,1,02950,4882,5.702575992673656,5.63258674,5.7897967
<bubblegym-data>/results/selected-dataMR3D_single_bubble_dx2p00mm_v6_rollL/ppm_ve_home_test_phi_iter/mc_surface_per_bubble_smoothed_lap3/bub_1/frame_03000.obj,1,03000,4832,5.694001167587716,5.62040493,5.73864843
<bubblegym-data>/results/selected-dataMR3D_single_bubble_dx2p00mm_v6_rollL/ppm_ve_home_test_phi_iter/mc_surface_per_bubble_smoothed_lap3/bub_1/frame_03050.obj,1,03050,4740,5.685983588103623,5.62138791,5.71314472
<bubblegym-data>/results/selected-dataMR3D_single_bubble_dx2p00mm_v6_rollL/ppm_ve_home_test_phi_iter/mc_surface_per_bubble_smoothed_lap3/bub_1/frame_03100.obj,1,03100,4512,5.672318620693916,5.62887547,5.68060045
<bubblegym-data>/results/selected-dataMR3D_single_bubble_dx2p00mm_v6_rollL/ppm_ve_home_test_phi_iter/mc_surface_per_bubble_smoothed_lap3/bub_1/frame_03150.obj,1,03150,4308,5.668947500710492,5.63182536,5.68224682
<bubblegym-data>/results/selected-dataMR3D_single_bubble_dx2p00mm_v6_rollL/ppm_ve_home_test_phi_iter/mc_surface_per_bubble_smoothed_lap3/bub_1/frame_03200.obj,1,03200,4428,5.658182456136844,5.61769676,5.68213913
<bubblegym-data>/results/selected-dataMR3D_single_bubble_dx2p00mm_v6_rollL/ppm_ve_home_test_phi_iter/mc_surface_per_bubble_smoothed_lap3/bub_1/frame_03250.obj,1,03250,4462,5.654561041497409,5.61165814,5.68038046
<bubblegym-data>/results/selected-dataMR3D_single_bubble_dx2p00mm_v6_rollL/ppm_ve_home_test_phi_iter/mc_surface_per_bubble_smoothed_lap3/bub_1/frame_03300.obj,1,03300,4434,5.656251466361507,5.61219467,5.68520023
<bubblegym-data>/results/selected-dataMR3D_single_bubble_dx2p00mm_v6_rollL/ppm_ve_home_test_phi_iter/mc_surface_per_bubble_smoothed_lap3/bub_1/frame_03350.obj,1,03350,4486,5.667025336072088,5.61602146,5.69262484
<bubblegym-data>/results/selected-dataMR3D_single_bubble_dx2p00mm_v6_rollL/ppm_ve_home_test_phi_iter/mc_surface_per_bubble_smoothed_lap3/bub_1/frame_03400.obj,1,03400,4536,5.6832723811168435,5.62479585,5.70246491
<bubblegym-data>/results/selected-dataMR3D_single_bubble_dx2p00mm_v6_rollL/ppm_ve_home_test_phi_iter/mc_surface_per_bubble_smoothed_lap3/bub_1/frame_03450.obj,1,03450,4692,5.707621302710734,5.64079052,5.73030494
<bubblegym-data>/results/selected-dataMR3D_single_bubble_dx2p00mm_v6_rollL/ppm_ve_home_test_phi_iter/mc_surface_per_bubble_smoothed_lap3/bub_1/frame_03500.obj,1,03500,4892,5.729756124009433,5.65775865,5.76685531
<bubblegym-data>/results/selected-dataMR3D_single_bubble_dx2p00mm_v6_rollL/ppm_ve_home_test_phi_iter/mc_surface_per_bubble_smoothed_lap3/bub_1/frame_03550.obj,1,03550,5044,5.75649730475622,5.67687532,5.80205886
<bubblegym-data>/results/selected-dataMR3D_single_bubble_dx2p00mm_v6_rollL/ppm_ve_home_test_phi_iter/mc_surface_per_bubble_smoothed_lap3/bub_1/frame_03600.obj,1,03600,5032,5.7911837945793945,5.70870518,5.85290037
<bubblegym-data>/results/selected-dataMR3D_single_bubble_dx2p00mm_v6_rollL/ppm_ve_home_test_phi_iter/mc_surface_per_bubble_smoothed_lap3/bub_1/frame_03650.obj,1,03650,5098,5.812149372392401,5.72597795,5.87620613
<bubblegym-data>/results/selected-dataMR3D_single_bubble_dx2p00mm_v6_rollL/ppm_ve_home_test_phi_iter/mc_surface_per_bubble_smoothed_lap3/bub_1/frame_03700.obj,1,03700,5170,5.831687770105916,5.73954888,5.87769495
<bubblegym-data>/results/selected-dataMR3D_single_bubble_dx2p00mm_v6_rollL/ppm_ve_home_test_phi_iter/mc_surface_per_bubble_smoothed_lap3/bub_1/frame_03750.obj,1,03750,5264,5.833091360558595,5.72698554,5.84633824
<bubblegym-data>/results/selected-dataMR3D_single_bubble_dx2p00mm_v6_rollL/ppm_ve_home_test_phi_iter/mc_surface_per_bubble_smoothed_lap3/bub_1/frame_03800.obj,1,03800,4934,5.833540420692934,5.74634092,5.78443984
<bubblegym-data>/results/selected-dataMR3D_single_bubble_dx2p00mm_v6_rollL/ppm_ve_home_test_phi_iter/mc_surface_per_bubble_smoothed_lap3/bub_1/frame_03850.obj,1,03850,4842,5.817712253447851,5.74221448,5.76283227
<bubblegym-data>/results/selected-dataMR3D_single_bubble_dx2p00mm_v6_rollL/ppm_ve_home_test_phi_iter/mc_surface_per_bubble_smoothed_lap3/bub_1/frame_03900.obj,1,03900,4666,5.807083445815121,5.74752406,5.76363347
<bubblegym-data>/results/selected-dataMR3D_single_bubble_dx2p00mm_v6_rollL/ppm_ve_home_test_phi_iter/mc_surface_per_bubble_smoothed_lap3/bub_1/frame_03950.obj,1,03950,4728,5.7933693398086135,5.73488243,5.76057555
<bubblegym-data>/results/selected-dataMR3D_single_bubble_dx2p00mm_v6_rollL/ppm_ve_home_test_phi_iter/mc_surface_per_bubble_smoothed_lap3/bub_1/frame_04000.obj,1,04000,4806,5.788053674694593,5.72431199,5.76770682
<bubblegym-data>/results/selected-dataMR3D_single_bubble_dx2p00mm_v6_rollL/ppm_ve_home_test_phi_iter/mc_surface_per_bubble_smoothed_lap3/bub_1/frame_04050.obj,1,04050,4898,5.787058958727419,5.72160627,5.7712696
<bubblegym-data>/results/selected-dataMR3D_single_bubble_dx2p00mm_v6_rollL/ppm_ve_home_test_phi_iter/mc_surface_per_bubble_smoothed_lap3/bub_1/frame_04100.obj,1,04100,4938,5.795228786569168,5.72374359,5.78105568
<bubblegym-data>/results/selected-dataMR3D_single_bubble_dx2p00mm_v6_rollL/ppm_ve_home_test_phi_iter/mc_surface_per_bubble_smoothed_lap3/bub_1/frame_04150.obj,1,04150,4834,5.805865731289798,5.73314622,5.79184944
<bubblegym-data>/results/selected-dataMR3D_single_bubble_dx2p00mm_v6_rollL/ppm_ve_home_test_phi_iter/mc_surface_per_bubble_smoothed_lap3/bub_1/frame_04200.obj,1,04200,4870,5.815480092536098,5.74102148,5.8075604
<bubblegym-data>/results/selected-dataMR3D_single_bubble_dx2p00mm_v6_rollL/ppm_ve_home_test_phi_iter/mc_surface_per_bubble_smoothed_lap3/bub_1/frame_04250.obj,1,04250,5000,5.8292784029059765,5.74725,5.8266653
<bubblegym-data>/results/selected-dataMR3D_single_bubble_dx2p00mm_v6_rollL/ppm_ve_home_test_phi_iter/mc_surface_per_bubble_smoothed_lap3/bub_1/frame_04300.obj,1,04300,5086,5.849739485486422,5.76438102,5.85569856
<bubblegym-data>/results/selected-dataMR3D_single_bubble_dx2p00mm_v6_rollL/ppm_ve_home_test_phi_iter/mc_surface_per_bubble_smoothed_lap3/bub_1/frame_04350.obj,1,04350,5380,5.859950631922324,5.77024898,5.88374381
<bubblegym-data>/results/selected-dataMR3D_single_bubble_dx2p00mm_v6_rollL/ppm_ve_home_test_phi_iter/mc_surface_per_bubble_smoothed_lap3/bub_1/frame_04400.obj,1,04400,5498,5.890050088099223,5.79762203,5.91989411
<bubblegym-data>/results/selected-dataMR3D_single_bubble_dx2p00mm_v6_rollL/ppm_ve_home_test_phi_iter/mc_surface_per_bubble_smoothed_lap3/bub_1/frame_04450.obj,1,04450,5744,5.904975024894901,5.80793387,5.96374037
<bubblegym-data>/results/selected-dataMR3D_single_bubble_dx2p00mm_v6_rollL/ppm_ve_home_test_phi_iter/mc_surface_per_bubble_smoothed_lap3/bub_1/frame_04500.obj,1,04500,5980,5.925063439575908,5.81754762,6.00807508
<bubblegym-data>/results/selected-dataMR3D_single_bubble_dx2p00mm_v6_rollL/ppm_ve_home_test_phi_iter/mc_surface_per_bubble_smoothed_lap3/bub_1/frame_04550.obj,1,04550,6206,5.939966356336685,5.81994903,6.05379443
<bubblegym-data>/results/selected-dataMR3D_single_bubble_dx2p00mm_v6_rollL/ppm_ve_home_test_phi_iter/mc_surface_per_bubble_smoothed_lap3/bub_1/frame_04600.obj,1,04600,6298,5.948678643369444,5.81563524,6.08486913
<bubblegym-data>/results/selected-dataMR3D_single_bubble_dx2p00mm_v6_rollL/ppm_ve_home_test_phi_iter/mc_surface_per_bubble_smoothed_lap3/bub_1/frame_04650.obj,1,04650,6340,5.940485030376685,5.73254277,6.33276765
<bubblegym-data>/results/selected-dataMR3D_single_bubble_dx2p00mm_v6_rollL/ppm_ve_home_test_phi_iter/mc_surface_per_bubble_smoothed_lap3/bub_1/frame_04700.obj,1,04700,6280,5.939608540618886,5.8148408,6.04582089
<bubblegym-data>/results/selected-dataMR3D_single_bubble_dx2p00mm_v6_rollL/ppm_ve_home_test_phi_iter/mc_surface_per_bubble_smoothed_lap3/bub_1/frame_04750.obj,1,04750,5864,5.924497151158747,5.80412161,5.94790198
<bubblegym-data>/results/selected-dataMR3D_single_bubble_dx2p00mm_v6_rollL/ppm_ve_home_test_phi_iter/mc_surface_per_bubble_smoothed_lap3/bub_1/frame_04800.obj,1,04800,5662,5.917026689567368,5.80403789,5.8730241
<bubblegym-data>/results/selected-dataMR3D_single_bubble_dx2p00mm_v6_rollL/ppm_ve_home_test_phi_iter/mc_surface_per_bubble_smoothed_lap3/bub_1/frame_04850.obj,1,04850,5492,5.896567267146789,5.79341665,5.85359699
<bubblegym-data>/results/selected-dataMR3D_single_bubble_dx2p00mm_v6_rollL/ppm_ve_home_test_phi_iter/mc_surface_per_bubble_smoothed_lap3/bub_1/frame_04900.obj,1,04900,5400,5.884896132715194,5.78373936,5.83804931
<bubblegym-data>/results/selected-dataMR3D_single_bubble_dx2p00mm_v6_rollL/ppm_ve_home_test_phi_iter/mc_surface_per_bubble_smoothed_lap3/bub_1/frame_04950.obj,1,04950,5342,5.876849495949545,5.77846934,5.83331659
<bubblegym-data>/results/selected-dataMR3D_single_bubble_dx2p00mm_v6_rollL/ppm_ve_home_test_phi_iter/mc_surface_per_bubble_smoothed_lap3/bub_1/frame_05000.obj,1,05000,5194,5.880853207546927,5.78026544,5.83067739
<bubblegym-data>/results/selected-dataMR3D_single_bubble_dx2p00mm_v6_rollL/ppm_ve_home_test_phi_iter/mc_surface_per_bubble_smoothed_lap3/bub_1/frame_05050.obj,1,05050,5194,5.889240376921738,5.80007122,5.84026034
<bubblegym-data>/results/selected-dataMR3D_single_bubble_dx2p00mm_v6_rollL/ppm_ve_home_test_phi_iter/mc_surface_per_bubble_smoothed_lap3/bub_1/frame_05100.obj,1,05100,5090,5.911740936077153,5.82613053,5.86030545
<bubblegym-data>/results/selected-dataMR3D_single_bubble_dx2p00mm_v6_rollL/ppm_ve_home_test_phi_iter/mc_surface_per_bubble_smoothed_lap3/bub_1/frame_05150.obj,1,05150,5096,5.9406171574136435,5.85736357,5.88084191
<bubblegym-data>/results/selected-dataMR3D_single_bubble_dx2p00mm_v6_rollL/ppm_ve_home_test_phi_iter/mc_surface_per_bubble_smoothed_lap3/bub_1/frame_05200.obj,1,05200,5132,5.9757825208674,5.89355711,5.90864557
<bubblegym-data>/results/selected-dataMR3D_single_bubble_dx2p00mm_v6_rollL/ppm_ve_home_test_phi_iter/mc_surface_per_bubble_smoothed_lap3/bub_1/frame_05250.obj,1,05250,5184,5.998490967423649,5.91670989,5.92304495
<bubblegym-data>/results/selected-dataMR3D_single_bubble_dx2p00mm_v6_rollL/ppm_ve_home_test_phi_iter/mc_surface_per_bubble_smoothed_lap3/bub_1/frame_05300.obj,1,05300,5206,6.024171099690816,5.93720826,5.93545108
<bubblegym-data>/results/selected-dataMR3D_single_bubble_dx2p00mm_v6_rollL/ppm_ve_home_test_phi_iter/mc_surface_per_bubble_smoothed_lap3/bub_1/frame_05350.obj,1,05350,5136,6.04384380246365,5.95457185,5.94156882
<bubblegym-data>/results/selected-dataMR3D_single_bubble_dx2p00mm_v6_rollL/ppm_ve_home_test_phi_iter/mc_surface_per_bubble_smoothed_lap3/bub_1/frame_05400.obj,1,05400,5120,6.045351142124916,5.96290339,5.94454297
<bubblegym-data>/results/selected-dataMR3D_single_bubble_dx2p00mm_v6_rollL/ppm_ve_home_test_phi_iter/mc_surface_per_bubble_smoothed_lap3/bub_1/frame_05450.obj,1,05450,5022,6.033918037709897,5.9588246,5.93502128
<bubblegym-data>/results/selected-dataMR3D_single_bubble_dx2p00mm_v6_rollL/ppm_ve_home_test_phi_iter/mc_surface_per_bubble_smoothed_lap3/bub_1/frame_05500.obj,1,05500,4954,6.028793819635746,5.95180483,5.92980622
<bubblegym-data>/results/selected-dataMR3D_single_bubble_dx2p00mm_v6_rollL/ppm_ve_home_test_phi_iter/mc_surface_per_bubble_smoothed_lap3/bub_1/frame_05550.obj,1,05550,5168,6.01381946122725,5.93787006,5.92532318
<bubblegym-data>/results/selected-dataMR3D_single_bubble_dx2p00mm_v6_rollL/ppm_ve_home_test_phi_iter/mc_surface_per_bubble_smoothed_lap3/bub_1/frame_05600.obj,1,05600,5270,6.013196866066142,5.94016677,5.93184841
<bubblegym-data>/results/selected-dataMR3D_single_bubble_dx2p00mm_v6_rollL/ppm_ve_home_test_phi_iter/mc_surface_per_bubble_smoothed_lap3/bub_1/frame_05650.obj,1,05650,5318,6.027413182383199,5.95508651,5.94650167
<bubblegym-data>/results/selected-dataMR3D_single_bubble_dx2p00mm_v6_rollL/ppm_ve_home_test_phi_iter/mc_surface_per_bubble_smoothed_lap3/bub_1/frame_05700.obj,1,05700,5408,6.045843846068527,5.96886813,5.9600194
<bubblegym-data>/results/selected-dataMR3D_single_bubble_dx2p00mm_v6_rollL/ppm_ve_home_test_phi_iter/mc_surface_per_bubble_smoothed_lap3/bub_1/frame_05750.obj,1,05750,5464,6.057749689692032,5.983519,5.97329228
<bubblegym-data>/results/selected-dataMR3D_single_bubble_dx2p00mm_v6_rollL/ppm_ve_home_test_phi_iter/mc_surface_per_bubble_smoothed_lap3/bub_1/frame_05800.obj,1,05800,5468,6.067168531356671,5.99286612,5.98330045
<bubblegym-data>/results/selected-dataMR3D_single_bubble_dx2p00mm_v6_rollL/ppm_ve_home_test_phi_iter/mc_surface_per_bubble_smoothed_lap3/bub_1/frame_05850.obj,1,05850,5510,6.07377797707905,6.00326831,5.9981028
<bubblegym-data>/results/selected-dataMR3D_single_bubble_dx2p00mm_v6_rollL/ppm_ve_home_test_phi_iter/mc_surface_per_bubble_smoothed_lap3/bub_1/frame_05900.obj,1,05900,5534,6.067594531488783,5.99663294,5.99540768
<bubblegym-data>/results/selected-dataMR3D_single_bubble_dx2p00mm_v6_rollL/ppm_ve_home_test_phi_iter/mc_surface_per_bubble_smoothed_lap3/bub_1/frame_05950.obj,1,05950,5582,6.060059792060412,5.98058381,5.98958323
<bubblegym-data>/results/selected-dataMR3D_single_bubble_dx2p00mm_v6_rollL/ppm_ve_home_test_phi_iter/mc_surface_per_bubble_smoothed_lap3/bub_1/frame_06000.obj,1,06000,5644,6.059395824115326,5.96643657,5.98158531
<bubblegym-data>/results/selected-dataMR3D_single_bubble_dx2p00mm_v6_rollL/ppm_ve_home_test_phi_iter/mc_surface_per_bubble_smoothed_lap3/bub_1/frame_06050.obj,1,06050,5688,6.069394843008915,5.96227149,5.97958524
<bubblegym-data>/results/selected-dataMR3D_single_bubble_dx2p00mm_v6_rollL/ppm_ve_home_test_phi_iter/mc_surface_per_bubble_smoothed_lap3/bub_1/frame_06100.obj,1,06100,5774,6.085748828596199,5.97614669,5.99187524
<bubblegym-data>/results/selected-dataMR3D_single_bubble_dx2p00mm_v6_rollL/ppm_ve_home_test_phi_iter/mc_surface_per_bubble_smoothed_lap3/bub_1/frame_06150.obj,1,06150,5938,6.10975393186852,6.00197098,6.01366283
<bubblegym-data>/results/selected-dataMR3D_single_bubble_dx2p00mm_v6_rollL/ppm_ve_home_test_phi_iter/mc_surface_per_bubble_smoothed_lap3/bub_1/frame_06200.obj,1,06200,5992,6.136822883192135,6.02836032,6.03486823
<bubblegym-data>/results/selected-dataMR3D_single_bubble_dx2p00mm_v6_rollL/ppm_ve_home_test_phi_iter/mc_surface_per_bubble_smoothed_lap3/bub_1/frame_06250.obj,1,06250,6016,6.154526323014413,6.04473365,6.04642771
<bubblegym-data>/results/selected-dataMR3D_single_bubble_dx2p00mm_v6_rollL/ppm_ve_home_test_phi_iter/mc_surface_per_bubble_smoothed_lap3/bub_1/frame_06300.obj,1,06300,5960,6.165261345950695,6.05477906,6.04866147
<bubblegym-data>/results/selected-dataMR3D_single_bubble_dx2p00mm_v6_rollL/ppm_ve_home_test_phi_iter/mc_surface_per_bubble_smoothed_lap3/bub_1/frame_06350.obj,1,06350,5880,6.162269678409796,6.0533003,6.04402038
<bubblegym-data>/results/selected-dataMR3D_single_bubble_dx2p00mm_v6_rollL/ppm_ve_home_test_phi_iter/mc_surface_per_bubble_smoothed_lap3/bub_1/frame_06400.obj,1,06400,5716,6.150641772950335,6.03385536,6.02701901
<bubblegym-data>/results/selected-dataMR3D_single_bubble_dx2p00mm_v6_rollL/ppm_ve_home_test_phi_iter/mc_surface_per_bubble_smoothed_lap3/bub_1/frame_06450.obj,1,06450,5586,6.125658171213885,6.01933167,6.01122556
<bubblegym-data>/results/selected-dataMR3D_single_bubble_dx2p00mm_v6_rollL/ppm_ve_home_test_phi_iter/mc_surface_per_bubble_smoothed_lap3/bub_1/frame_06500.obj,1,06500,5442,6.097856664713202,6.00662634,5.99373567
<bubblegym-data>/results/selected-dataMR3D_single_bubble_dx2p00mm_v6_rollL/ppm_ve_home_test_phi_iter/mc_surface_per_bubble_smoothed_lap3/bub_1/frame_06550.obj,1,06550,5320,6.083002339439407,5.99788978,5.98570168
<bubblegym-data>/results/selected-dataMR3D_single_bubble_dx2p00mm_v6_rollL/ppm_ve_home_test_phi_iter/mc_surface_per_bubble_smoothed_lap3/bub_1/frame_06600.obj,1,06600,5260,6.0719109465520855,5.99402643,5.98198735
<bubblegym-data>/results/selected-dataMR3D_single_bubble_dx2p00mm_v6_rollL/ppm_ve_home_test_phi_iter/mc_surface_per_bubble_smoothed_lap3/bub_1/frame_06650.obj,1,06650,5150,6.0744888838969375,5.99813646,5.98340833
<bubblegym-data>/results/selected-dataMR3D_single_bubble_dx2p00mm_v6_rollL/ppm_ve_home_test_phi_iter/mc_surface_per_bubble_smoothed_lap3/bub_1/frame_06700.obj,1,06700,5178,6.070221648225321,5.98624368,5.96981335
<bubblegym-data>/results/selected-dataMR3D_single_bubble_dx2p00mm_v6_rollL/ppm_ve_home_test_phi_iter/mc_surface_per_bubble_smoothed_lap3/bub_1/frame_06750.obj,1,06750,5176,6.0790749122238985,5.99246678,5.97088552
<bubblegym-data>/results/selected-dataMR3D_single_bubble_dx2p00mm_v6_rollL/ppm_ve_home_test_phi_iter/mc_surface_per_bubble_smoothed_lap3/bub_1/frame_06800.obj,1,06800,5216,6.082722393970944,5.99282683,5.9733223
<bubblegym-data>/results/selected-dataMR3D_single_bubble_dx2p00mm_v6_rollL/ppm_ve_home_test_phi_iter/mc_surface_per_bubble_smoothed_lap3/bub_1/frame_06850.obj,1,06850,5258,6.09109699055656,5.99939148,5.9793176
<bubblegym-data>/results/selected-dataMR3D_single_bubble_dx2p00mm_v6_rollL/ppm_ve_home_test_phi_iter/mc_surface_per_bubble_smoothed_lap3/bub_1/frame_06900.obj,1,06900,5430,6.09231853023334,5.99568368,5.98189185
<bubblegym-data>/results/selected-dataMR3D_single_bubble_dx2p00mm_v6_rollL/ppm_ve_home_test_phi_iter/mc_surface_per_bubble_smoothed_lap3/bub_1/frame_06950.obj,1,06950,5514,6.096921817477885,5.99844608,5.98788886
<bubblegym-data>/results/selected-dataMR3D_single_bubble_dx2p00mm_v6_rollL/ppm_ve_home_test_phi_iter/mc_surface_per_bubble_smoothed_lap3/bub_1/frame_07000.obj,1,07000,5576,6.102068146321921,5.99972405,5.99377382
<bubblegym-data>/results/selected-dataMR3D_single_bubble_dx2p00mm_v6_rollL/ppm_ve_home_test_phi_iter/mc_surface_per_bubble_smoothed_lap3/bub_1/frame_07050.obj,1,07050,5702,6.113694424837026,6.00787955,6.00445262
<bubblegym-data>/results/selected-dataMR3D_single_bubble_dx2p00mm_v6_rollL/ppm_ve_home_test_phi_iter/mc_surface_per_bubble_smoothed_lap3/bub_1/frame_07100.obj,1,07100,5742,6.1258965800145875,6.01890043,6.01928553
<bubblegym-data>/results/selected-dataMR3D_single_bubble_dx2p00mm_v6_rollL/ppm_ve_home_test_phi_iter/mc_surface_per_bubble_smoothed_lap3/bub_1/frame_07150.obj,1,07150,5770,6.1379605530098535,6.02775382,6.02561762
<bubblegym-data>/results/selected-dataMR3D_single_bubble_dx2p00mm_v6_rollL/ppm_ve_home_test_phi_iter/mc_surface_per_bubble_smoothed_lap3/bub_1/frame_07200.obj,1,07200,5848,6.149825698262197,6.0422683,6.04224095
<bubblegym-data>/results/selected-dataMR3D_single_bubble_dx2p00mm_v6_rollL/ppm_ve_home_test_phi_iter/mc_surface_per_bubble_smoothed_lap3/bub_1/frame_07250.obj,1,07250,5802,6.156452058531929,6.05445932,6.04955281
<bubblegym-data>/results/selected-dataMR3D_single_bubble_dx2p00mm_v6_rollL/ppm_ve_home_test_phi_iter/mc_surface_per_bubble_smoothed_lap3/bub_1/frame_07300.obj,1,07300,5754,6.164771961601855,6.06328334,6.05592371
<bubblegym-data>/results/selected-dataMR3D_single_bubble_dx2p00mm_v6_rollL/ppm_ve_home_test_phi_iter/mc_surface_per_bubble_smoothed_lap3/bub_1/frame_07350.obj,1,07350,5670,6.159916970914933,6.05872563,6.04831221
<bubblegym-data>/results/selected-dataMR3D_single_bubble_dx2p00mm_v6_rollL/ppm_ve_home_test_phi_iter/mc_surface_per_bubble_smoothed_lap3/bub_1/frame_07400.obj,1,07400,5868,6.150298728941021,6.05122098,6.04397614
<bubblegym-data>/results/selected-dataMR3D_single_bubble_dx2p00mm_v6_rollL/ppm_ve_home_test_phi_iter/mc_surface_per_bubble_smoothed_lap3/bub_1/frame_07450.obj,1,07450,5866,6.144046023186513,6.04895128,6.04017189
<bubblegym-data>/results/selected-dataMR3D_single_bubble_dx2p00mm_v6_rollL/ppm_ve_home_test_phi_iter/mc_surface_per_bubble_smoothed_lap3/bub_1/frame_07500.obj,1,07500,5894,6.138626164940468,6.03576178,6.02847604
<bubblegym-data>/results/selected-dataMR3D_single_bubble_dx2p00mm_v6_rollL/ppm_ve_home_test_phi_iter/mc_surface_per_bubble_smoothed_lap3/bub_1/frame_07550.obj,1,07550,5830,6.146596235597573,6.04194706,6.03098211
<bubblegym-data>/results/selected-dataMR3D_single_bubble_dx2p00mm_v6_rollL/ppm_ve_home_test_phi_iter/mc_surface_per_bubble_smoothed_lap3/bub_1/frame_07600.obj,1,07600,5774,6.160315228041868,6.05374267,6.03809394
<bubblegym-data>/results/selected-dataMR3D_single_bubble_dx2p00mm_v6_rollL/ppm_ve_home_test_phi_iter/mc_surface_per_bubble_smoothed_lap3/bub_1/frame_07650.obj,1,07650,5592,6.183807698804263,6.07417268,6.05657499
<bubblegym-data>/results/selected-dataMR3D_single_bubble_dx2p00mm_v6_rollL/ppm_ve_home_test_phi_iter/mc_surface_per_bubble_smoothed_lap3/bub_1/frame_07700.obj,1,07700,5568,6.204914869203611,6.09351438,6.07277412
<bubblegym-data>/results/selected-dataMR3D_single_bubble_dx2p00mm_v6_rollL/ppm_ve_home_test_phi_iter/mc_surface_per_bubble_smoothed_lap3/bub_1/frame_07750.obj,1,07750,5568,6.225232547457959,6.11589665,6.09136828
<bubblegym-data>/results/selected-dataMR3D_single_bubble_dx2p00mm_v6_rollL/ppm_ve_home_test_phi_iter/mc_surface_per_bubble_smoothed_lap3/bub_1/frame_07800.obj,1,07800,5702,6.23020341293006,6.1210052,6.09446976
<bubblegym-data>/results/selected-dataMR3D_single_bubble_dx2p00mm_v6_rollL/ppm_ve_home_test_phi_iter/mc_surface_per_bubble_smoothed_lap3/bub_1/frame_07850.obj,1,07850,5564,6.248880232578751,6.13755261,6.10754941
<bubblegym-data>/results/selected-dataMR3D_single_bubble_dx2p00mm_v6_rollL/ppm_ve_home_test_phi_iter/mc_surface_per_bubble_smoothed_lap3/bub_1/frame_07900.obj,1,07900,5580,6.256666614092221,6.14671169,6.11758798
<bubblegym-data>/results/selected-dataMR3D_single_bubble_dx2p00mm_v6_rollL/ppm_ve_home_test_phi_iter/mc_surface_per_bubble_smoothed_lap3/bub_1/frame_07950.obj,1,07950,5612,6.250880402027734,6.13656276,6.10943998
<bubblegym-data>/results/selected-dataMR3D_single_bubble_dx2p00mm_v6_rollL/ppm_ve_home_test_phi_iter/mc_surface_per_bubble_smoothed_lap3/bub_1/frame_08000.obj,1,08000,5660,6.245327048293515,6.12892005,6.10578893
<bubblegym-data>/results/selected-dataMR3D_single_bubble_dx2p00mm_v6_rollL/ppm_ve_home_test_phi_iter/mc_surface_per_bubble_smoothed_lap3/bub_1/frame_08050.obj,1,08050,5666,6.243746382293082,6.12023909,6.0951649
<bubblegym-data>/results/selected-dataMR3D_single_bubble_dx2p00mm_v6_rollL/ppm_ve_home_test_phi_iter/mc_surface_per_bubble_smoothed_lap3/bub_1/frame_08100.obj,1,08100,5740,6.249692203573465,6.12574558,6.10014867
<bubblegym-data>/results/selected-dataMR3D_single_bubble_dx2p00mm_v6_rollL/ppm_ve_home_test_phi_iter/mc_surface_per_bubble_smoothed_lap3/bub_1/frame_08150.obj,1,08150,5798,6.257072361375522,6.13422961,6.10680369
<bubblegym-data>/results/selected-dataMR3D_single_bubble_dx2p00mm_v6_rollL/ppm_ve_home_test_phi_iter/mc_surface_per_bubble_smoothed_lap3/bub_1/frame_08200.obj,1,08200,5978,6.2507628721227855,6.12439259,6.09856733
<bubblegym-data>/results/selected-dataMR3D_single_bubble_dx2p00mm_v6_rollL/ppm_ve_home_test_phi_iter/mc_surface_per_bubble_smoothed_lap3/bub_1/frame_08250.obj,1,08250,6046,6.25305742193968,6.13286377,6.1081744
<bubblegym-data>/results/selected-dataMR3D_single_bubble_dx2p00mm_v6_rollL/ppm_ve_home_test_phi_iter/mc_surface_per_bubble_smoothed_lap3/bub_1/frame_08300.obj,1,08300,6048,6.252686430133711,6.13612971,6.11197533
