frame,n_vertices,n_triangles,t_bem_assemble_s,t_bem_solve_s,t_bem_s,t_feat_s,t_inference_gpu_s,f_hz_bem,f_hz_nn8_unit,source
0,2622,5240,17.81293790001655,0.3218310000083875,18.134768900024937,0.048486399988178164,0.00030236000020522624,5.293385806984718,5.293950863395551,chunk_0000.csv
400,2622,5240,17.369998600013787,0.32530970001243986,17.695308300026227,0.0502103999897372,0.00029362100001890213,5.293385806984718,5.293950863395551,chunk_0000.csv
450,2854,5704,19.894920899998397,0.3984838000033051,20.2934047000017,0.05193019998841919,0.0003920670002116822,5.295911253145447,5.295639293313194,chunk_0000.csv
500,2882,5760,22.31451530000777,0.4054011999978684,22.71991650000564,0.05035240002325736,0.00029671700001927093,5.2954299684611765,5.295299039259167,chunk_0000.csv
550,3002,6000,22.382257500023115,0.460156300017843,22.84241380004096,0.050863999989815056,0.0002963219999219291,5.3019121776167575,5.301596331635397,chunk_0000.csv
600,3056,6108,22.646411499998067,0.5379554999817628,23.18436699997983,0.05183960002614185,0.0003532470000209287,5.301532160208118,5.302471091147336,chunk_0000.csv
650,2962,5920,22.407659399992554,0.43737810000311583,22.84503749999567,0.05127070000162348,0.0003556089999619871,5.300438338971295,5.301026298704824,chunk_0000.csv
700,2934,5864,21.358944299980067,0.43003869999665767,21.788982999976724,0.05194350000238046,0.0004422119999071583,5.299371479239919,5.298942597990056,chunk_0000.csv
750,2902,5800,20.288024100009352,0.4180785000207834,20.706102600030135,0.050366600014967844,0.0002962520002620295,5.3017060270599226,5.3001682050792365,chunk_0000.csv
800,2898,5792,22.100862499995856,0.5025611000019126,22.603423599997768,0.048210800014203414,0.0003206129997852258,5.308077624964639,5.306335917443189,chunk_0000.csv
850,2964,5924,21.812403399992036,0.4461645999981556,22.25856799999019,0.05193789998884313,0.0003035370001452975,5.3104453988455065,5.307784055231168,chunk_0000.csv
900,2930,5856,20.747390600008657,0.4262888999946881,21.173679500003345,0.049095199996372685,0.000424625999876298,5.321955095089445,5.318592071274823,chunk_0000.csv
950,2988,5972,23.773311299999477,0.44819870000355877,24.221510000003036,0.050552900007460266,0.00036244999995687976,5.330466111761471,5.328516845929232,chunk_0000.csv
1000,3120,6236,24.47462550000637,0.4772018000076059,24.951827300013974,0.053465800010599196,0.00029495499999029564,5.3427795010559445,5.342078630246028,chunk_0000.csv
1050,3202,6400,24.71355770001537,0.501592900021933,25.215150600037305,0.05308610000065528,0.00029204499995103103,5.355859679956774,5.3593836717492636,chunk_0000.csv
1100,3284,6564,28.470014999998966,0.5337037999997847,29.00371879999875,0.054055700020398945,0.0003118049999466166,5.370293312200057,5.3758616034403675,chunk_0000.csv
1150,3368,6732,28.87318110000342,0.5675123000110034,29.440693400014425,0.054908799997065216,0.00029308299999684093,5.385355901642285,5.390286648796018,chunk_0000.csv
1200,3454,6904,32.1390195999993,0.6201153000001796,32.75913489999948,0.0578862999973353,0.00031336499989265576,5.399508838332418,5.401154490507578,chunk_0000.csv
1250,3602,7200,33.19134930000291,0.6260758000134956,33.81742510001641,0.05939170002238825,0.0003699419999611564,5.418313407584537,5.413676759874691,chunk_0000.csv
1300,3794,7584,41.875660199992126,1.102074000024004,42.97773420001613,0.05939569999463856,0.0002983069999027066,5.435295865191296,5.422295950646541,chunk_0000.csv
1350,3960,7916,45.179334499989636,0.7937718000030145,45.97310629999265,0.06178089999593794,0.00029844500008039174,5.453102989031524,5.431172298465156,chunk_0000.csv
1400,4106,8216,48.61193029998685,0.9112909999967087,49.52322129998356,0.0633938999962993,0.000293017000076361,5.4668948626782194,5.4406403779639545,chunk_0000.csv
1450,4148,8296,49.72178110000095,1.0973482999834232,50.81912939998438,0.06299249999574386,0.0003000830000382848,5.485699752359097,5.4804678513471785,chunk_0000.csv
1500,4156,8312,51.15809149999404,1.003789800015511,52.161881300009554,0.06250790000194684,0.0002968720000353642,5.492749843937654,5.489889667375658,chunk_0000.csv
1550,4114,8228,48.38625390001107,1.0599837999907322,49.4462377000018,0.06550530000822619,0.00029278700007125737,5.508891484864222,5.500914391589283,chunk_0000.csv
1600,4240,8480,52.77989850001177,0.9260364999936428,53.70593500000541,0.06450619999668561,0.0003021860000444576,5.517223643333392,5.510369387885525,chunk_0000.csv
1650,4220,8440,51.90484469998046,1.094386700016912,52.99923139999737,0.06776529998751357,0.00029462999984389174,5.5258394375512685,5.516915870226096,chunk_0000.csv
1700,4230,8460,52.08593699999619,1.1167714999755844,53.20270849997178,0.060529999987920746,0.0003028060001088306,5.532691940083259,5.518389900248989,chunk_0000.csv
1750,4280,8560,52.87217450002208,1.0417947000241838,53.91396920004627,0.061348000017460436,0.00029454900010023266,5.541412674742691,5.5256078688497405,chunk_0000.csv
1800,4388,8776,57.61572829997749,1.1493341000168584,58.76506239999435,0.07575319998431951,0.0002951769999344833,5.550812049860005,5.525327926831222,chunk_0000.csv
1850,4522,9044,59.788554400001885,1.4544896000006702,61.243044000002556,0.06422160001238808,0.0003007510001771152,5.5566325505967935,5.527312198339639,chunk_0000.csv
1900,4576,9152,62.230698200000916,1.5136623999860603,63.744360599986976,0.0649332000175491,0.00029618000000482427,5.567251034881321,5.526563730713293,chunk_0000.csv
1950,4742,9484,67.51997100000153,1.611160899978131,69.13113189997966,0.06803289998788387,0.0002952080001705326,5.57588227889718,5.524229373798542,chunk_0000.csv
2000,4914,9828,72.90646820000256,1.7933785000059288,74.6998467000085,0.07082059999811463,0.000300617000029888,5.581670396330989,5.513347862328438,chunk_0000.csv
2050,5156,10312,75.26233980001416,1.656505200022366,76.91884500003653,0.07094420000794344,0.0003188510000472888,5.586712132554314,5.508802277858616,chunk_9000.csv
2100,5490,10988,94.79401149999467,2.437408300000243,97.23141979999491,0.07362090001697652,0.00029559800022980196,5.590609988633242,5.490038883056576,chunk_9000.csv
2150,5662,11344,103.6648114999989,3.01555839998764,106.68036989998654,0.0784230999997817,0.00029265700024552646,5.592150094563705,5.477946605923701,chunk_9000.csv
2200,5886,11792,114.67513749998761,6.05672650001361,120.73186400000122,0.07836650000535883,0.00029383599990978837,5.6063722943099705,5.5438213386838715,chunk_9000.csv
2250,5962,11964,118.27077380000264,3.2795659999828786,121.55033979998552,0.078223499993328,0.00032339299999875945,5.608629612408811,5.556166992268354,chunk_9000.csv
2300,5974,12004,118.57056900000316,2.647504199994728,121.21807319999789,0.08079589999397285,0.0002968549999059178,5.600582490520753,5.5559762396875625,chunk_9000.csv
2350,5864,11760,114.2751619000046,3.1180443999764975,117.3932062999811,0.07541260001016781,0.00029728699999395755,5.5990254745072745,5.568525534592683,chunk_9000.csv
2400,5858,11744,113.13913739999407,3.3656366000068374,116.50477400000091,0.07695550000062212,0.00031570400024065747,5.584840363411151,5.53311296242747,chunk_9000.csv
2450,5576,11200,99.11080400002538,2.956713200022932,102.06751720004831,0.07314309998764656,0.0003024269998422824,5.60745828697933,5.5846817435184555,chunk_9000.csv
2500,5368,10764,84.67017660001875,2.266881299990928,86.93705790000968,0.07049410001491196,0.000301274000084959,5.618708639466742,5.581888972074987,chunk_9000.csv
2550,5310,10660,80.16516889998456,2.7718641000101343,82.9370329999947,0.07261659999494441,0.00029445300024235623,5.6177078725624385,5.583943480069089,chunk_9000.csv
2600,5184,10404,76.32211740000639,2.6110093999886885,78.93312679999508,0.06716430000960827,0.0002938759999233298,5.621047931240764,5.587868246586252,chunk_9000.csv
2650,5140,10316,76.06941299999016,2.101603699993575,78.17101669998374,0.06782490000477992,0.0003061339998384938,5.625315968988136,5.595989553221735,chunk_9000.csv
2700,5036,10080,65.9446988000127,2.545816099998774,68.49051490001148,0.0634956999856513,0.0003112750002765097,5.6332779072840795,5.595423219126996,chunk_9000.csv
2750,4986,9976,75.80044960000669,1.7724083999928553,77.57285799999954,0.08614840000518598,0.00034406599996145815,5.643031888911947,5.59811465082205,chunk_0000.csv
2800,5004,10008,63.08309780000127,1.356332499999553,64.43943030000082,0.06670490000396967,0.00036627699999371545,5.654971868520699,5.604610370779214,chunk_9000.csv
2850,4988,9980,74.93515559998923,1.995692800002871,76.9308483999921,0.09461040000314824,0.00035442899999907243,5.674427054376996,5.611235368535086,chunk_0000.csv
2900,5012,10024,64.77997919998597,1.9439487000054214,66.7239278999914,0.06516960001317784,0.0004247070002020337,5.688298979863556,5.622967612959957,chunk_9000.csv
2950,4882,9764,72.05700819997583,1.425035399995977,73.4820435999718,0.09064900001976639,0.0004584279999835417,5.702575992673654,5.632586735641646,chunk_0000.csv
3000,4832,9664,69.98797300001024,2.543120199989062,72.5310931999993,0.06812290000380017,0.00029554399981861933,5.694001167587716,5.6204049317697935,chunk_0000.csv
3050,4740,9484,66.98999259999255,2.209565700002713,69.19955829999526,0.0685347999969963,0.00029489199980162087,5.685983588103623,5.621387914289845,chunk_0000.csv
3100,4512,9024,57.78450499998871,1.4416916999907698,59.22619669997948,0.06261870000162162,0.0003781760000856593,5.672318620693916,5.62887547494689,chunk_0000.csv
3150,4308,8616,53.21107650001068,1.0068330000212882,54.217909500031965,0.06614539999281988,0.00029305200005183,5.668947500710489,5.631825355249832,chunk_0000.csv
3200,4428,8856,56.244703799980925,1.4728620999958366,57.71756589997676,0.06297699999413453,0.00029417999990982935,5.658182456136844,5.6176960866528,chunk_0000.csv
3250,4462,8924,57.12945900001796,1.5602607999753673,58.68971979999333,0.061183599987998605,0.0002929400000721216,5.6545610414974075,5.611658136453898,chunk_0000.csv
3300,4434,8868,56.16403019998688,1.2735928999900352,57.43762309997692,0.0712360999896191,0.00029204399994341656,5.656251466361508,5.6121946694486144,chunk_0000.csv
3350,4486,8972,57.54298879997805,1.37610650001443,58.91909529999248,0.06582869999692775,0.0003097399999387562,5.667025336072162,5.616021462723367,chunk_0000.csv
3400,4536,9072,60.090575600013835,1.1073405000206549,61.19791610003449,0.07154070000979118,0.0002920809999341145,5.683272381116845,5.624795845408108,chunk_0000.csv
3450,4692,9384,63.702426300005754,1.412447600014275,65.11487390002003,0.06577660000766627,0.0002998170000500977,5.707621302710732,5.6407905185935405,chunk_0000.csv
3500,4892,9784,71.80753979997826,1.9608811000071,73.76842089998536,0.0723637999908533,0.0002899980000802316,5.729756124009433,5.657758651498834,chunk_0000.csv
3550,5044,10088,67.94488369999453,1.7608513000013772,69.70573499999591,0.07105889997910708,0.00029641500004800035,5.75649730475622,5.676875321320073,chunk_9000.csv
3600,5032,10064,68.30100889998721,1.7169279000081588,70.01793679999537,0.06722580001223832,0.0004174059999058954,5.791183794579393,5.708705184585363,chunk_9000.csv
3650,5098,10196,69.8854673000169,1.7000700999924447,71.58553740000934,0.06811870000092313,0.00029769500019028784,5.812149372392402,5.725977952267706,chunk_9000.csv
3700,5170,10340,73.95313579999493,1.8282031000126153,75.78133890000754,0.06960940000135452,0.00030640399985713883,5.831687770105916,5.739548876397055,chunk_9000.csv
3750,5264,10532,79.1533889999846,3.1243547000049148,82.27774369998951,0.07073300000047311,0.000301298999984283,5.833091360558595,5.726985543400585,chunk_9000.csv
3800,4934,9872,74.225197199994,2.5333373000030406,76.75853449999704,0.08967499999562278,0.00035488399997120725,5.833540420692934,5.746340915036756,chunk_0000.csv
3850,4842,9688,70.47244030001457,1.8175157000077888,72.28995600002236,0.06625259999418631,0.0002934269999968819,5.817712253447851,5.742214483580251,chunk_0000.csv
3900,4666,9332,64.7035726000031,1.476172199996654,66.17974479999975,0.06893060001311824,0.0002939060001517646,5.807083445815121,5.747524061557875,chunk_0000.csv
3950,4728,9456,66.202783500019,1.2964424999954645,67.49922600001446,0.06549269999959506,0.0002942740000435151,5.793369339808616,5.734882426345838,chunk_0000.csv
4000,4806,9612,69.35890250001103,1.4154297999921255,70.77433230000315,0.06602869997732341,0.00029619199980515984,5.78805367469459,5.724312675446174,chunk_0000.csv
4050,4898,9796,72.93719200001215,1.5424364000209607,74.4796284000331,0.06822019998799078,0.0002938769999309443,5.787058958727419,5.721605587284487,chunk_0000.csv
4100,4938,9876,73.85467580001568,1.6150656999961939,75.46974150001188,0.06769309999071993,0.0002948840000317432,5.795228786569168,5.723742907112528,chunk_0000.csv
4150,4834,9668,70.22650449999492,1.203802200005157,71.43030670000007,0.06810219999169931,0.00029457600001478565,5.8058657312897965,5.73314621501456,chunk_0000.csv
4200,4870,9740,70.4811888000113,1.2213874000008218,71.70257620001212,0.06951010000193492,0.00030151199985994025,5.815480092536097,5.741021479913114,chunk_0000.csv
4250,5000,10000,75.37140169998747,1.6032456000102684,76.97464729999774,0.07175800000550225,0.0007175060000736267,5.8292784029059845,5.747250004787928,chunk_0000.csv
4300,5086,10172,69.82270109999808,2.4492241999832913,72.27192529998138,0.0688631999946665,0.0002993250000872649,5.849739485486422,5.764381016246372,chunk_9000.csv
4350,5380,10760,84.18857410000055,2.899260600010166,87.08783470001072,0.07292340000276454,0.00029301000002305953,5.859950631922324,5.770248977802471,chunk_9000.csv
4400,5498,10996,95.42107589999796,2.147297899995465,97.56837379999342,0.07355420000385493,0.0002990899997530505,5.890050088099223,5.7976220307498405,chunk_9000.csv
4450,5744,11488,108.07978580001509,2.146933399984846,110.22671919999993,0.07691649999469519,0.0002979169998434372,5.9049750248949,5.8079338713021835,chunk_9000.csv
4500,5980,11960,118.48906089999946,2.6516777999931946,121.14073869999265,0.07818569999653846,0.00030018999997992067,5.925063439575908,5.817547617313818,chunk_9000.csv
4550,6206,12420,129.31526730000041,3.1633263000112493,132.47859360001166,0.08483480001450516,0.00038252500002272427,5.939966356336685,5.819949029611294,chunk_9000.csv
4600,6298,12600,136.21565090000513,3.5278114000102505,139.74346230001538,0.08279790001688525,0.00029948799987323583,5.948678643369444,5.81563524293421,chunk_9000.csv
4650,6340,12716,137.5767249999917,4.54261529998621,142.11934029997792,0.08365470002172515,0.0002930570000899024,5.940485030376686,5.732542765469628,chunk_9000.csv
4700,6280,12612,136.95770249998895,5.020564900012687,141.97826740000164,0.08044089999748394,0.0002938069999800064,5.939608540618886,5.814840800904882,chunk_9000.csv
4750,5864,11760,115.29111329998705,3.10156619999907,118.39267949998612,0.07669600000372157,0.0003040260000852868,5.924497151158747,5.804121605949528,chunk_9000.csv
4800,5662,11336,102.6547128999955,4.284682299999986,106.93939519999549,0.07297290000133216,0.0002923839999129996,5.9170266895673675,5.804037886022545,chunk_9000.csv
4850,5492,10984,96.79504480000469,2.9863414999854285,99.78138629999012,0.0709270000224933,0.00030701100011356177,5.896567267146789,5.79341664593932,chunk_9000.csv
4900,5400,10800,83.4506142999744,2.601888900011545,86.05250319998595,0.06791020001401193,0.00029984900000272317,5.884896132715194,5.783739355145372,chunk_9000.csv
4950,5342,10684,80.08875390002504,2.60029819997726,82.6890521000023,0.07027739999466576,0.00030164900003001096,5.876849495949545,5.778469338727916,chunk_9000.csv
5000,5194,10388,74.79910699999891,2.4542533999774605,77.25336039997637,0.06725280001410283,0.0002977480000117794,5.880853207546927,5.780265442523217,chunk_9000.csv
5050,5194,10388,77.11430360001395,1.8672347000101581,78.98153830002411,0.07155749999219552,0.0002935080000315793,5.889240376921738,5.800071222951159,chunk_9000.csv
5100,5090,10180,70.73451150002074,1.8693253999808803,72.60383690000162,0.06810770000447519,0.0003084839999792166,5.911740936077155,5.826131222233748,chunk_9000.csv
5150,5096,10192,71.30702799998107,1.5237477000046056,72.83077569998568,0.06723359998431988,0.00029574999993201343,5.9406171574136435,5.857363567915396,chunk_9000.csv
5200,5132,10264,71.14525480000884,1.9628436999919359,73.10809850000078,0.07051039999350905,0.0002949329998227768,5.975782520867401,5.893557111940401,chunk_9000.csv
5250,5184,10368,77.25762190000387,1.8093293000129052,79.06695120001677,0.07039109998731874,0.00029776300012599675,5.998490967423649,5.9167098915275185,chunk_9000.csv
5300,5206,10412,75.3679668000259,1.9370880000060424,77.30505480003194,0.07217259999015369,0.0002943950000917539,6.0241710996908155,5.937208258513726,chunk_9000.csv
5350,5136,10272,72.88561310002115,1.9863870000117458,74.87200010003289,0.07142949997796677,0.00030120500014163554,6.04384380246365,5.954571850321837,chunk_9000.csv
5400,5120,10240,73.61036520000198,1.7688425999949686,75.37920779999695,0.06924950002576225,0.00029450600006384773,6.045351142124915,5.962903390210453,chunk_9000.csv
5450,5022,10044,66.75634330001776,1.7313264000113122,68.48766970002907,0.06732660002307966,0.00037312100001145153,6.033918037709896,5.958824601691339,chunk_9000.csv
5500,4954,9908,73.32447729998967,1.8698075999855064,75.19428489997517,0.0966130000015255,0.0005232220000470989,6.028793819635746,5.951804826172782,chunk_0000.csv
5550,5168,10336,72.72947270001168,2.1332887000171468,74.86276140002883,0.06886120000854135,0.0002982019999762997,6.013819461227251,5.9378700606993196,chunk_9000.csv
5600,5270,10540,80.27893939998467,2.3803584999986924,82.65929789998336,0.06934570000157692,0.0002954450002289377,6.013196866066144,5.940167475915626,chunk_9000.csv
5650,5318,10636,80.79592720000073,1.4657793999940623,82.2617065999948,0.0698835999937728,0.0002955789997940883,6.0274131823831985,5.955087216666123,chunk_9000.csv
5700,5408,10816,86.13202819999424,2.002031000010902,88.13405920000514,0.07067850002204068,0.0002949310000985861,6.045843846068527,5.9688681318827115,chunk_9000.csv
5750,5464,10928,94.08729650001624,1.6217884999932721,95.70908500000951,0.06954060000134632,0.0002961719999439083,6.05774968969203,5.983518996375757,chunk_9000.csv
5800,5468,10936,95.0750107000058,2.275550699996529,97.35056140000233,0.07058490000781603,0.000297298000077717,6.067168531356671,5.992866122556088,chunk_9000.csv
5850,5510,11020,94.28269160000491,1.8051390000036918,96.0878306000086,0.0994563999993261,0.0003307530001620762,6.0737779770790485,6.003268308470691,chunk_9000.csv
5900,5534,11068,98.62312420000671,2.1785849999869242,100.80170919999364,0.0708362000004854,0.00030089200008660556,6.067594531488783,5.996633651133321,chunk_9000.csv
5950,5582,11164,99.47784830001183,2.0836146000074223,101.56146290001925,0.07158989997697063,0.00030124100012471897,6.060059792060412,5.980583810575834,chunk_9000.csv
6000,5644,11288,101.4593611000164,2.2868998000049032,103.7462609000213,0.07342400000197813,0.00030579399986891076,6.059395824115326,5.9664365680940525,chunk_9000.csv
6050,5688,11376,103.35034459998133,2.2531581000075676,105.6035026999889,0.07528739998815581,0.00038273599988315255,6.069394843008915,5.962271492733481,chunk_9000.csv
6100,5774,11548,110.0279118999897,2.9984222000057343,113.02633409999544,0.07550229999469593,0.0002964110000175424,6.085748828596199,5.976146685807743,chunk_9000.csv
6150,5938,11876,117.16424349998124,2.4451208999962546,119.6093643999775,0.07625090001965873,0.0002957009998499416,6.109753931868519,6.001970983649225,chunk_9000.csv
6200,5992,11984,118.4121090999979,2.521960799989756,120.93406989998766,0.07788430000073276,0.000297275000193622,6.136822883192133,6.0283603168021225,chunk_9000.csv
6250,6016,12032,119.19045120000374,2.529221000004327,121.71967220000806,0.08205569998244755,0.00029530600004363806,6.154526323014412,6.044733649457686,chunk_9000.csv
6300,5960,11920,117.50084969997988,1.8725301999947987,119.37337989997468,0.08022099998197518,0.00029567899997346103,6.165261345950698,6.054779063062059,chunk_9000.csv
6350,5880,11760,115.27858319997904,2.0562494000187144,117.33483259999775,0.07642349999514408,0.000294753999914974,6.162269678409799,6.053300304339488,chunk_9000.csv
6400,5716,11432,104.72189700001036,2.470597900013672,107.19249490002403,0.07457859997521155,0.0003008440000121482,6.150641772950335,6.03385535888966,chunk_9000.csv
6450,5586,11172,97.64950359999784,2.3541140999877825,100.00361769998563,0.0725947999744676,0.00029278800007887185,6.125658171213886,6.0193316672956065,chunk_9000.csv
6500,5442,10884,91.93633250001585,1.530906200001482,93.46723870001733,0.0698940999864135,0.0002908829998341389,6.097856664713204,6.00662633964381,chunk_9000.csv
6550,5320,10640,81.67821340000955,1.685224900022149,83.3634383000317,0.06952879999880679,0.00029927399998996406,6.0830023394394015,5.997889781923723,chunk_9000.csv
6600,5260,10520,77.2463931000093,2.183230499998899,79.4296236000082,0.07199620001483709,0.0002933389999088831,6.0719109465520855,5.994026429095808,chunk_9000.csv
6650,5150,10300,72.60094470001059,1.95821739998064,74.55916209999123,0.0677766999870073,0.00029862600000342355,6.0744888838969375,5.998136463438348,chunk_9000.csv
6700,5178,10356,74.2790616999846,2.061238599999342,76.34030029998394,0.07112469998537563,0.0002992699999595061,6.070221648225321,5.986243675062179,chunk_9000.csv
6750,5176,10352,76.05987009999808,2.060587800020585,78.12045790001866,0.06726320000598207,0.0002965899999253452,6.0790749122238985,5.992466783291941,chunk_9000.csv
6800,5216,10432,75.7420403000142,2.069239500007825,77.81127980002202,0.06735940001090057,0.00029512999986764044,6.082722393970947,5.9928268303926915,chunk_9000.csv
6850,5258,10516,79.15532930000336,1.644623700005468,80.79995300000883,0.07747630000812933,0.0002954449999378994,6.091096990556561,5.999392193843515,chunk_9000.csv
6900,5430,10860,93.1445217000146,2.4772706999792717,95.62179239999386,0.07023650000337511,0.0003054790000896901,6.09231853023334,5.9956836848393795,chunk_9000.csv
6950,5514,11028,97.74232810002286,2.3090643000032287,100.05139240002609,0.0726247999991756,0.00029985700006363914,6.096921817477884,5.998446080972066,chunk_9000.csv
7000,5576,11152,98.89873489999445,1.8525483999983408,100.75128329999279,0.07295150001300499,0.0002967260000878014,6.102068146321919,5.999724048063835,chunk_9000.csv
7050,5702,11404,104.41784290000214,2.1006697000120766,106.51851260001422,0.07669990000431426,0.0003063669998664409,6.113694424837027,6.007879550261774,chunk_9000.csv
7100,5742,11484,107.8879151000001,2.9688415999989957,110.8567566999991,0.07756100001279265,0.000297697999922093,6.1258965800145875,6.018900429032548,chunk_9000.csv
7150,5770,11540,107.64863559999503,1.8410279999952763,109.48966359999031,0.0889710999908857,0.0002987759999814443,6.137960553009856,6.027753818064713,chunk_9000.csv
7200,5848,11696,114.75870750000468,2.965256199997384,117.72396370000206,0.0771627000067383,0.00029778600001009183,6.149825698262197,6.042269019118772,chunk_9000.csv
7250,5802,11604,110.43790160000208,2.2236893999797758,112.66159099998185,0.07538110000314191,0.00029529599996749314,6.156452058531929,6.054459320346545,chunk_9000.csv
7300,5754,11508,109.25309149999521,2.2420030000212137,111.49509450001642,0.08888100000331178,0.0006944079999811947,6.164771961601854,6.063283337148832,chunk_9000.csv
7350,5670,11340,102.2716584999871,2.1790496000030544,104.45070809999015,0.0748384999751579,0.0002950420000706799,6.159916970914933,6.0587256304968635,chunk_9000.csv
7400,5868,11740,114.05872530001216,1.8381771999993362,115.89690250001149,0.07625869999174029,0.00029032599995844067,6.150298728941023,6.0512209825970835,chunk_9000.csv
7450,5866,11736,114.08753029999207,1.7866661000007298,115.8741963999928,0.07520069999736734,0.0003000169998267665,6.144046023186509,6.0489512829238485,chunk_9000.csv
7500,5894,11788,115.03480599998147,2.438606100011384,117.47341209999286,0.08075519997510128,0.00029989599977852776,6.138626164940469,6.03576178276591,chunk_9000.csv
7550,5830,11660,111.62745420000283,1.780542799999239,113.40799700000207,0.07659069998771884,0.00029607400007080286,6.146596235597572,6.041947056012121,chunk_9000.csv
7600,5774,11548,109.91352579998784,2.2077593999856617,112.1212851999735,0.07595320002292283,0.00048818000010214746,6.160315228041868,6.0537426672045935,chunk_9000.csv
7650,5592,11184,100.20574659999693,1.6830605999857653,101.8888071999827,0.07159599999431521,0.0002988649997860193,6.183807698804263,6.07417268488247,chunk_9000.csv
7700,5568,11136,99.29690789998858,1.848425700009102,101.14533359999768,0.07321159998537041,0.0002981889998773113,6.204914869203613,6.093514378580544,chunk_9000.csv
7750,5568,11136,99.71255379999639,1.99501600000076,101.70756979999715,0.07352439998066984,0.0002940970001509413,6.225232547457959,6.1158966513596,chunk_9000.csv
7800,5702,11404,104.19018489998416,2.3339834000216797,106.52416830000584,0.07357560002128594,0.0002972530000261031,6.230203412930061,6.121005201884374,chunk_9000.csv
7850,5564,11128,96.69816019997234,2.314794600009918,99.01295479998225,0.0747092999808956,0.000294661000079941,6.24888023257875,6.137552607012717,chunk_9000.csv
7900,5580,11160,99.20453680001083,2.555884400004288,101.76042120001512,0.07986539998091757,0.00037989200005540626,6.2566666140922225,6.146711685226715,chunk_9000.csv
7950,5612,11224,100.70997820000048,2.1688803999859374,102.87885859998642,0.07332389999646693,0.0004727919999277219,6.250880402027733,6.136562759945391,chunk_9000.csv
8000,5660,11320,102.99270620002062,1.7347033000260126,104.72740950004663,0.07408459999714978,0.0002941730001475662,6.245327048293517,6.128920053268993,chunk_9000.csv
8050,5666,11332,103.04337970001507,2.105136500002118,105.14851620001718,0.0736484999943059,0.0002928489999612793,6.243746382293083,6.120239085117172,chunk_9000.csv
8100,5740,11480,106.57328640000196,2.803040200000396,109.37632660000236,0.07853629998862743,0.0003227950001019053,6.249692203573465,6.125745582864405,chunk_9000.csv
8150,5798,11596,110.74709050002275,2.200641400006134,112.94773190002888,0.07520309998653829,0.00030702799995196983,6.257072361375521,6.134229606031432,chunk_9000.csv
8200,5978,11956,117.73458830002346,2.825345000019297,120.55993330004276,0.07758129999274388,0.00029410700022708625,6.2507628721227855,6.124393316961032,chunk_9000.csv
8250,6046,12092,122.47680909998599,1.8866361000109464,124.36344519999693,0.07653279998339713,0.0002947350000613369,6.2530574219396815,6.132863769748983,chunk_9000.csv
8300,6048,12096,121.5388060999976,2.8058291999914218,124.34463529998902,0.07806210001581348,0.00029551499988883734,6.25268643013371,6.136129706336436,chunk_9000.csv
8350,5940,11880,118.55983490002109,2.2050686000147834,120.76490350003587,0.07667130001937039,0.000286836999875959,6.2505635784948925,6.140697326542515,chunk_9000.csv
8400,5888,11776,115.84621939997305,3.2047181999951135,119.05093759996817,0.07658839999930933,0.00029694800003198906,6.253464353030536,6.146351185193187,chunk_9000.csv
8450,5958,11916,117.05226159997983,2.606484800024191,119.65874640000402,0.07598340002004988,0.000300058999855537,6.247830197147946,6.139024138148531,chunk_9000.csv
8500,5950,11900,114.94358490000013,2.1591188999882434,117.10270379998838,0.08493119999184273,0.0002969429999939166,6.256035464952489,6.1436319964537764,chunk_9000.csv
8550,6080,12160,123.27255580000929,2.3074092000024393,125.57996500001173,0.08088549997773953,0.00029362800007220357,6.2627403243852235,6.142353397524106,chunk_9000.csv
8600,6226,12452,130.99894940000377,3.378107500000624,134.3770569000044,0.08029199999873526,0.000293357000045944,6.27238803797742,6.149463759112068,chunk_9000.csv
8650,6256,12512,132.9816589000111,2.618995500000892,135.600654400012,0.08036650001304224,0.0003066180000314489,6.290020302298385,6.158829296208282,chunk_9000.csv
8700,6340,12680,136.22816100000637,3.0952895999944303,139.3234506000008,0.08162929999525659,0.000397112000209745,6.307588082600481,6.172416491925838,chunk_9000.csv
8750,6288,12576,134.7428069000016,2.5610725000151433,137.30387940001674,0.08037350000813603,0.00039847200008807704,6.322951082123075,6.184150546424434,chunk_9000.csv
8800,6286,12572,134.86975529999472,2.6155674000037834,137.4853226999985,0.08012900000903755,0.00029607400007080286,6.32778442260639,6.193016664026597,chunk_9000.csv
8850,6144,12288,126.539812300005,4.227425799996126,130.76723810000112,0.07778309998684563,0.00029557200003182515,6.32738754373983,6.184246384232147,chunk_9000.csv
8900,5978,11956,118.29475830000592,2.6387278999900445,120.93348619999597,0.07583069999236614,0.00029932200006442143,6.322413271937253,6.193850221435203,chunk_9000.csv
8950,5786,11572,111.0840298999974,2.165066600020509,113.24909650001791,0.07924290001392365,0.00032784100010758267,6.318282550218195,6.195431261550027,chunk_9000.csv
9000,5686,11372,103.28154809999978,2.5771844999981113,105.8587325999979,0.07361240001046099,0.00029287199984537435,6.308733511813141,6.187762446522631,chunk_9000.csv
9050,5760,11520,109.73096479999367,2.820631400012644,112.55159620000632,0.07542740000644699,0.0002912980000837706,6.298768119022964,6.173919933569112,chunk_9000.csv
9100,5808,11616,111.39750859999913,2.5612934000091627,113.95880200000829,0.07523479999508709,0.0002973679997376166,6.2866115068948,6.162262589495727,chunk_9000.csv
9150,5936,11872,116.1908293000015,2.070237999985693,118.26106729998719,0.07596350001404062,0.00029654999991180376,6.28252345625353,6.153970144316602,chunk_9000.csv
9200,6096,12192,123.8695013000106,2.7775317000050563,126.64703300001565,0.07708299998193979,0.000301921000063885,6.276438845807229,6.144387857049051,chunk_9000.csv
9250,6008,12016,119.76471380001749,2.7726222000201233,122.53733600003761,0.07567030002246611,0.0003085199999623001,6.284418063219152,6.154683254947752,chunk_9000.csv
9300,6056,12112,122.45118029997684,2.4555739000206813,124.90675419999752,0.07727759997942485,0.0002966319999541156,6.282425822583066,6.157225300697817,chunk_9000.csv
9350,6150,12300,128.40591010000207,2.439251500007231,130.8451616000093,0.07736360002309084,0.0002941740001551807,6.282410557537292,6.161109377071744,chunk_9000.csv
9400,6180,12360,129.202269899979,2.6817748000030406,131.88404469998204,0.07991189998574555,0.00029843900003470483,6.288221224420386,6.167412074687349,chunk_9000.csv
9450,6064,12128,122.35839999999735,2.5216951000038534,124.8800951000012,0.07752680001431145,0.0002968480001436546,6.299246202268098,6.177862410807764,chunk_9000.csv
9500,6258,12516,133.82175009997445,2.8171351000200957,136.63888519999455,0.09694770001806319,0.00029203299985965716,6.30857416850843,6.17991084167379,chunk_9000.csv
9550,6338,12676,135.9639671999903,2.566267300018808,138.5302345000091,0.08373090001987293,0.00029755399998975917,6.322716641931116,6.192900757487925,chunk_9000.csv
9600,6386,12772,139.39970929999254,3.157420799980173,142.5571300999727,0.08109829999739304,0.00029486200015526264,6.343329740652911,6.206111069171327,chunk_9000.csv
9650,6376,12752,137.08189219998894,2.8012582999945153,139.88315049998346,0.0809599999920465,0.00030739500012714414,6.36152806250477,6.2192576268254385,chunk_9000.csv
9700,6476,12952,143.84373870000127,3.0530769000179134,146.89681560001918,0.08259169998927973,0.0003185100000700913,6.365694180520912,6.221533379082026,chunk_9000.csv
9750,6416,12832,138.93697099998826,3.2295353999943472,142.1665063999826,0.0831389999948442,0.00029305100004421546,6.367439802306944,6.2203816806099725,chunk_9000.csv
9800,6306,12612,136.21560559998034,2.9935594999988098,139.20916509997915,0.07866080000530928,0.0003032350001740269,6.3612621083448095,6.216432077679633,chunk_9000.csv
9850,6308,12616,135.9444657000131,3.4731580000079703,139.41762370002107,0.0792753999994602,0.00029556199995568023,6.3471409425119285,6.203726328146566,chunk_9000.csv
9900,6134,12268,125.66021650002222,2.9063628000149038,128.56657930003712,0.07659150002291426,0.0002916730000288226,6.326634852391245,6.184025222301493,chunk_9000.csv
9950,5972,11944,118.42080580000766,2.22270730001037,120.64351310001803,0.07442150000133552,0.00029670399992028253,6.329072311155186,6.194579030056199,chunk_9000.csv
10000,5878,11756,115.56674759997986,2.0505805000138935,117.61732809999376,0.07472429997869767,0.0002944959999877028,6.324816512228188,6.197697556434099,chunk_9000.csv
10050,5810,11620,109.04974459999357,2.950744100002339,112.00048869999591,0.07404579999274574,0.00029722900013439356,6.333091454664264,6.208233993239115,chunk_9000.csv
10100,5746,11492,107.00826679999591,2.5862236999964807,109.59449049999239,0.08121629999368452,0.0003000610001618043,6.338501672464969,6.212396853432114,chunk_9000.csv
10150,5770,11540,108.83802400002605,2.4708300000056624,111.30885400003172,0.0784165000077337,0.0002995389999705367,6.342945287649258,6.215374680063692,chunk_9000.csv
10200,5850,11700,112.94818159998977,2.378972699982114,115.32715429997188,0.07450300001073629,0.00029280199989443643,6.343743235036599,6.211006208473331,chunk_9000.csv
10250,5968,11936,116.88669489999302,2.0332418000034522,118.91993669999647,0.07533940000575967,0.0003492760000517592,6.337517134116148,6.201104467085417,chunk_9000.csv
10300,6056,12112,120.99686479999218,2.725769200013019,123.7226340000052,0.0810996999789495,0.00029280400020070374,6.334687644467346,6.197148635164066,chunk_9000.csv
10350,6168,12336,127.6709617000015,2.6463878999929875,130.3173495999945,0.08143729998846538,0.0003014759998768568,6.343922344686972,6.20351630182834,chunk_9000.csv
10400,6104,12208,124.49114550001104,2.4445559999730904,126.93570149998413,0.08161669998662546,0.00040254799998365345,6.361844015629617,6.218819478829585,chunk_9000.csv
10450,6124,12248,126.46586629998637,2.5170201000000816,128.98288639998646,0.07789539999794215,0.00029884900024626407,6.384095922375965,6.23821720371381,chunk_9000.csv
10500,6292,12584,136.65419120001025,2.9143961000081617,139.5685873000184,0.08234819999779575,0.0002957569999853149,6.4029183487527535,6.259547360222143,chunk_9000.csv
10550,6340,12680,137.08650370000396,2.750875999976415,139.83737969998037,0.08218170001055114,0.00030710299994098024,6.416771014384205,6.272597739253387,chunk_9000.csv
10600,6380,12760,137.42847479999182,2.9596422000031453,140.38811699999496,0.08123250000062399,0.0004106580000370741,6.427050818278247,6.278303436591596,chunk_9000.csv
10650,6452,12904,143.68900230000145,3.037926499993773,146.72692879999522,0.08260369999334216,0.0002955500001553446,6.430495786762007,6.279712143806379,chunk_9000.csv
10700,6298,12596,133.74215949999052,2.79753039998468,136.5396898999752,0.0793814999924507,0.0002973629999905825,6.431102313797562,6.283860008602528,chunk_9000.csv
10750,6272,12544,132.96532620000653,2.647585500002606,135.61291170000914,0.07777239999268204,0.0002950060000875965,6.420911712988837,6.276197701893277,chunk_9000.csv
10800,6144,12288,127.25041710000369,3.4125406999955885,130.66295779999928,0.07658429999719374,0.00029167200002120806,6.416433053642066,6.267473246495319,chunk_9000.csv
10850,6166,12332,126.93182619998697,2.429866399994353,129.36169259998132,0.07884140001260675,0.0002967099999659695,6.407597979795929,6.2627150180981594,chunk_9000.csv
10900,6098,12196,125.67007170000579,3.1201670999871567,128.79023879999295,0.07829740000306629,0.00034483700001146643,6.407836622355322,6.263190603670714,chunk_9000.csv
10950,6134,12268,127.06211420000182,2.9890262999979313,130.05114049999975,0.07724859999143519,0.00029867599980207163,6.404926490571311,6.26409931890744,chunk_9000.csv
11000,6094,12188,123.38782579998951,2.6728788999898825,126.0607046999794,0.07608929998241365,0.00031411799980560315,6.401056012684111,6.262601539907454,chunk_9000.csv
11050,6076,12152,125.11500499999966,2.8591055999859236,127.97411059998558,0.07725999999092892,0.0002987080000457354,6.400054260487979,6.265553388147004,chunk_9000.csv
11100,6008,12016,119.12471740000183,2.5156036999833304,121.64032109998516,0.0774428999866359,0.00029327800002647563,6.407428376633151,6.27370077030776,chunk_9000.csv
11150,5944,11888,116.7197774000233,3.304219700017711,120.02399710004102,0.07844769998337142,0.00030679000017698856,6.41245889277904,6.276862870109389,chunk_9000.csv
11200,5976,11952,117.5257407000172,2.603210700006457,120.12895140002365,0.0747354999766685,0.00030504499998642133,6.414432770404637,6.2754375959587145,chunk_9000.csv
11250,6008,12016,118.25437279997277,2.398523200012278,120.65289599998505,0.07725689999642782,0.0002935820000129752,6.418901893049356,6.275813896740616,chunk_9000.csv
11300,6210,12420,128.96062329999404,2.791608900006395,131.75223220000044,0.07860320000327192,0.00035980100015876816,6.423043492707727,6.2735541868715385,chunk_9000.csv
11350,6322,12644,137.52143490000162,2.3003254999930505,139.82176039999467,0.07999969998490997,0.0002995520000695251,6.429877948254699,6.2812888933723,chunk_9000.csv
11400,6392,12784,140.38427959999535,3.0525635999802034,143.43684319997556,0.08035529998596758,0.00029558999987784775,6.434942505733345,6.2840929813066655,chunk_9000.csv
11450,6384,12768,137.9752010999946,2.8537014999892563,140.82890259998385,0.08144660000107251,0.00031003400014014917,6.4453463306280145,6.293081379316843,chunk_9000.csv
11500,6356,12712,136.43710499998997,2.5533616000029724,138.99046659999294,0.08426619999227114,0.000293387999990955,6.45797611568443,6.302935379302924,chunk_9000.csv
11550,6442,12884,140.55260039999848,2.8806239000114147,143.4332243000099,0.08074669999768957,0.00029344400012632833,6.462038492196805,6.308091875001809,chunk_9000.csv
11600,6558,13116,146.86370210000314,3.4918914000154473,150.35559350001859,0.08462909999070689,0.00030358999996678906,6.453213268038501,6.30269720000505,chunk_9000.csv
11650,6452,12904,141.11934850001126,3.154656899976544,144.2740053999878,0.08386350001092069,0.0003790840000147,6.454071389598029,6.30692565695131,chunk_9000.csv
11700,6364,12728,137.0175450000097,3.2408704000117723,140.25841540002148,0.08035819997894578,0.00029478899989044294,6.449944590727111,6.304911036524951,chunk_9000.csv
11750,6306,12612,134.82062730001053,2.860669899993809,137.68129720000434,0.08269000001018867,0.00038599299994530157,6.449254179668898,6.306168595356774,chunk_9000.csv
11800,6218,12436,132.91849750000983,2.9317709999741055,135.85026849998394,0.07719599999836646,0.0002956679998897016,6.449196797544582,6.306202424372023,chunk_9000.csv
11850,6268,12536,133.52269840001827,2.9583823999855667,136.48108080000384,0.07788009999785572,0.0003124660000321455,6.448001381128834,6.303401996380914,chunk_9000.csv
11900,6212,12424,129.070767600002,2.5657451000006404,131.63651270000264,0.07742309998138808,0.0002928359998622909,6.4530229111115105,6.30464722905233,chunk_9000.csv
11950,6340,12680,135.2211478999816,3.12452400001348,138.34567189999507,0.08228499998222105,0.0002955009997822344,6.452642517756866,6.306143787527595,chunk_9000.csv
12000,6264,12528,132.88155369999004,2.520231300004525,135.40178499999456,0.07962400000542402,0.00039404100010870024,6.453339568352182,6.3087160518956855,chunk_9000.csv
12050,6256,12512,133.41981569997733,2.6404973000171594,136.0603129999945,0.07916210000985302,0.00029779600008623676,6.464315523129116,6.321587091888202,chunk_9000.csv
12100,6150,12300,126.92873140002484,3.1479317000193987,130.07666310004424,0.07825120000052266,0.0003059149999171495,6.47021790283581,6.333872766100003,chunk_9000.csv
12150,6054,12108,121.50658889999613,2.882182700006524,124.38877160000266,0.07433589998981915,0.0002963059998000972,6.488695693099039,6.3505512324288516,chunk_9000.csv
12200,6048,12096,120.26774430001387,3.5770208000030834,123.84476510001696,0.07735310000134632,0.0003018319999682717,6.504144770199765,6.360552088901118,chunk_9000.csv
12250,6140,12280,126.53259250000701,2.404243299999507,128.93683580000652,0.08045670000137761,0.00029223699995782225,6.512717471032261,6.367892262947459,chunk_9000.csv
12300,6366,12732,138.86550770001486,2.672019299992826,141.53752700000769,0.08502719999523833,0.0002927170001203194,6.510644592879059,6.359909894672294,chunk_9000.csv
12350,6462,12924,141.97948829998495,2.140817999985302,144.12030629997025,0.08062340001924895,0.00029245899990201,6.512682340367992,6.357834390396532,chunk_9000.csv
12400,6556,13112,148.44908479999867,3.986262099992018,152.4353468999907,0.08184379999875091,0.0003019029999268241,6.5141144584079305,6.355317102146426,chunk_9000.csv
12450,6558,13116,146.61010499999975,3.201426600018749,149.8115316000185,0.08238669999991544,0.00038479900016682224,6.516010312866371,6.355929282800898,chunk_9000.csv
12500,6520,13040,146.03159679999226,2.645759299979545,148.6773560999718,0.08111169998301193,0.00029866600001696495,6.522344944019484,6.365856650227553,chunk_9000.csv
12550,6522,13044,144.92344319997937,3.3467644000193104,148.27020759999868,0.0835949000029359,0.00039519799989648166,6.527583005142929,6.371472481691117,chunk_9000.csv
12600,6606,13212,149.8251913000131,3.376686100004008,153.2018774000171,0.08158550001098774,0.0003096110001206398,6.535209920850872,6.3817238588448335,chunk_9000.csv
12650,6668,13336,151.71791060001124,3.2902857000008225,155.00819630001206,0.08233730000210926,0.00038630800001556055,6.525178869353465,6.375047113687513,chunk_9000.csv
12700,6670,13340,153.07030570000643,3.0168164999922737,156.0871221999987,0.08387969998875633,0.00029755900002783166,6.526443038516856,6.3787013115593485,chunk_9000.csv
12750,6540,13080,145.22007919999305,3.2752679999975953,148.49534719999065,0.08143679998465814,0.0002966199998627417,6.538089655984674,6.387124501153998,chunk_9000.csv
12800,6606,13216,151.76670900001773,2.839508200006094,154.60621720002382,0.08223689999431372,0.00029236999980639664,6.53320257319203,6.37926783505216,chunk_9000.csv
12850,6596,13192,148.57689039999968,3.1929421999957412,151.76983259999542,0.08587979999720119,0.00032359300006646664,6.5294644018367745,6.372648356103232,chunk_9000.csv
12900,6564,13132,147.31004710000707,2.9199992999783717,150.23004639998544,0.08167569999932311,0.0002984709999873303,6.532035969436362,6.366889555063932,chunk_9000.csv
12950,6600,13200,150.01142100000288,3.2613825000007637,153.27280350000365,0.0823419000080321,0.00029824099998222665,6.535240019990112,6.375894530798473,chunk_9000.csv
13000,6616,13232,149.8325404000061,3.232784799998626,153.06532520000474,0.0900236000015866,0.000434073000214994,6.536430241020843,6.37778661540536,chunk_9000.csv
13050,6462,12924,141.55489880000823,3.9125757000001613,145.4674745000084,0.08387289999518543,0.00029127800022251906,6.554477676413181,6.40027071772726,chunk_9000.csv
13100,6480,12960,145.1660709999851,3.4334127999900375,148.59948379997513,0.0840856000140775,0.00029760500008706,6.560526678261714,6.40844201586098,chunk_9000.csv
13150,6272,12544,133.95116790002794,3.1857444000197574,137.1369123000477,0.07782599999336526,0.0002955070001189597,6.582991279737893,6.433215647930219,chunk_9000.csv
13200,6302,12604,134.94049619999714,2.9963714000186883,137.93686760001583,0.07886519999010488,0.0003433049999875948,6.585604890804124,6.4342924643309525,chunk_9000.csv
13250,6306,12612,134.35189119999995,2.712082400015788,137.06397360001574,0.07807079999474809,0.0003711419997853227,6.584842667310016,6.430798836155442,chunk_9000.csv
13300,6434,12868,140.72649930001353,3.0964167000201996,143.82291600003373,0.08382470000651665,0.000294129999820143,6.578325201854397,6.421183530935969,chunk_9000.csv
13350,6572,13144,147.04400969998096,3.035275600006571,150.07928529998753,0.0820501999987755,0.0003189469999051653,6.568446249056817,6.403557680695404,chunk_9000.csv
13400,6598,13196,149.7701659000013,3.544865600008052,153.31503150000935,0.08113090001279488,0.0002944959999877028,6.576480524705826,6.40909904294467,chunk_9000.csv
13450,6592,13184,149.96671090001473,3.5157599999802187,153.48247089999495,0.08395929998368956,0.00029298600013135,6.584518459063668,6.41368788589896,chunk_9000.csv
13500,6668,13336,152.12034269998549,3.436432499991497,155.55677519997698,0.08400679999613203,0.00035857100010616705,6.5841400046611875,6.418769708997831,chunk_9000.csv
13550,6676,13352,155.74514430001727,3.135936300008325,158.8810806000256,0.08434230001876131,0.0003029099997365847,6.588055006652085,6.424149626131146,chunk_9000.csv
13600,6746,13492,157.26995380001608,3.2100209999771323,160.47997479999322,0.08262899998226203,0.0002966900001047179,6.592523888355828,6.429681214503157,chunk_9000.csv
13650,6714,13428,157.7670329999819,3.3134259000071324,161.08045889998903,0.08426929998677224,0.0003004839998902753,6.599359317836471,6.4425287026376505,chunk_9000.csv
13700,6678,13356,154.1098331999965,2.9049012000032235,157.01473439999972,0.08562430000165477,0.0004249399999389425,6.609689552176532,6.449369150058405,chunk_9000.csv
13750,6646,13292,150.9620533999987,2.913449700019555,153.87550310001825,0.08245080002234317,0.0002988590000313707,6.61354212314286,6.4527813276410795,chunk_9000.csv
13800,6686,13372,154.24954429999343,3.3009865999920294,157.55053089998546,0.08233010000549257,0.0004254690001835115,6.618754723914365,6.455006328590706,chunk_9000.csv
13850,6728,13456,155.93098130001454,3.4037256999872625,159.3347070000018,0.08549320002202876,0.0002987389999907464,6.6224289176840365,6.453544450387838,chunk_9000.csv
13900,6834,13668,163.35022379999282,3.5275673999858554,166.87779119997867,0.08561800001189113,0.00030291900009615346,6.6380829551029095,6.468552121415897,chunk_9000.csv
13950,6786,13572,159.95903260001796,3.3552301000163425,163.3142627000343,0.08434889998170547,0.0003104709999752231,6.65749385788097,6.486743497959836,chunk_9000.csv
14000,6694,13388,155.0424670999928,4.067695599980652,159.11016269997344,0.08187319998978637,0.00029660799977136775,6.675073837427809,6.507904724605538,chunk_9000.csv
14050,6708,13416,154.90591609998955,3.2720639999897685,158.17798009997932,0.08219139999710023,0.00029594099993119017,6.690478620269191,6.518743946886822,chunk_9000.csv
14100,6746,13492,156.10995060001733,3.738151999976253,159.84810259999358,0.08272520001628436,0.0003026420000242069,6.704138943009923,6.530994687600578,chunk_9000.csv
14150,6764,13528,157.854487900011,3.515570599993225,161.37005850000423,0.08299110000371002,0.00029424199979985135,6.715370155345175,6.538934544985252,chunk_9000.csv
14200,6842,13684,162.68672729999525,3.177338800014695,165.86406610000995,0.08673429998452775,0.0002938379999250174,6.718841503783902,6.536656458316049,chunk_9000.csv
14250,6986,13972,170.5854018999962,3.5991396000026725,174.1845414999989,0.08586510000168346,0.00029619600012665615,6.73055274990702,6.540270747475181,chunk_9000.csv
14300,7112,14224,177.31662319999305,3.7869141999981366,181.10353739999118,0.08628230000613257,0.0002932390000205487,6.740712142160865,6.545259360992411,chunk_9000.csv
14350,7220,14444,184.01719280000543,4.044423999992432,188.06161679999786,0.08775390000664629,0.0002955919998930767,6.748745101097261,6.544397235207186,chunk_9000.csv
14400,7302,14604,189.91388379997807,4.033679899992421,193.9475636999705,0.08761689998209476,0.00029633099999045956,6.748802137192847,6.550583649614173,chunk_9000.csv
