k,t,f_minnaert,f_strasberg,f_nn8,f_bem
0,0.0,256.689256130002,258.91975444900373,258.85593916198604,258.922939
1,0.02510460251046025,256.689256130002,258.69385311384457,258.6381422704607,258.696785
2,0.0502092050209205,256.689256130002,258.49825693521734,258.45201440983556,258.501353
3,0.07531380753138076,256.689256130002,258.3321742973816,258.2956707608123,258.33524
4,0.100418410041841,256.689256130002,258.1940311224055,258.16684154569265,258.197132
5,0.12552301255230125,256.689256130002,258.0829023491306,258.06314764080633,258.085852
6,0.1506276150627615,256.689256130002,257.99743293607213,257.9824060226909,258.000391
7,0.17573221757322174,256.689256130002,257.93709684374176,257.9227811031939,257.939938
8,0.200836820083682,256.689256130002,257.90097593764284,257.88287485533385,257.903909
9,0.22594142259414227,256.689256130002,257.8889432260272,257.86172520305297,257.891938
10,0.2510460251046025,256.689256130002,257.9008790194346,257.88284411330136,257.903909
11,0.27615062761506276,256.689256130002,257.93683936848197,257.92275035640426,257.939939
12,0.301255230125523,256.689256130002,257.997397791388,257.9824060226909,258.00039
13,0.3263598326359833,256.689256130002,258.08280325109394,258.0631168772837,258.085852
14,0.3514644351464435,256.689256130002,258.1940617788317,258.16684154569265,258.197132
15,0.37656903765690375,256.689256130002,258.33221569195643,258.29570155205755,258.33524
16,0.401673640167364,256.689256130002,258.4984668763499,258.4520452197184,258.501351
17,0.42677824267782427,256.689256130002,258.69383847644764,258.6381422704607,258.696782
18,0.45188284518828453,256.689256130002,258.91983576753336,258.85593916198604,258.922933
19,0.47698744769874474,256.689256130002,259.17816141131175,259.1068130253937,259.181238
20,0.502092050209205,256.689256130002,259.47003575166696,259.43331875961263,259.473077
21,0.5271966527196653,256.689256130002,259.79666976418974,259.78909769011705,259.799691
22,0.5523012552301255,256.689256130002,260.158973967496,260.1739589244182,260.162066
23,0.5774058577405857,256.689256130002,260.5576922315164,260.58911747463685,260.560781
24,0.602510460251046,256.689256130002,260.99275662827955,261.0370814530791,260.995853
25,0.6276150627615062,256.689256130002,261.46341451642286,261.5204181978103,261.466523
26,0.6527196652719666,256.689256130002,261.967954256334,262.0394149570538,261.971042
27,0.6778242677824268,256.689256130002,262.5033221749497,262.58917791624543,262.506401
28,0.702928870292887,256.689256130002,263.0649727333402,263.1590103193877,263.068059
29,0.7280334728033473,256.689256130002,263.64658068424353,263.73492095103177,263.649666
30,0.7531380753138075,256.689256130002,264.2396952359635,264.30481358166065,264.242783
31,0.7782426778242678,256.689256130002,264.83359092067707,264.86125538629705,264.836679
32,0.803347280334728,256.689256130002,265.41511611344833,265.3986195895185,265.418187
33,0.8284518828451882,256.689256130002,265.968649153407,265.90800472431204,265.971736
34,0.8535564853556485,256.689256130002,266.4765154892295,266.37498752723104,266.479589
35,0.8786610878661087,256.689256130002,266.91926568427806,266.78121311280745,266.922339
36,0.9037656903765691,256.689256130002,267.2766810024527,267.106563155918,267.279751
37,0.9288702928870293,256.689256130002,267.52888387797464,267.3311406776151,267.531931
38,0.9539748953974895,256.689256130002,267.65767778604067,267.43702831917557,267.660802
39,0.9790794979079498,256.689256130002,267.64870336156525,267.4096758387779,267.651779
40,1.00418410041841,256.689256130002,267.49234642419253,267.23947113988464,267.495445
41,1.0292887029288702,256.689256130002,267.1860081627721,266.92331404698433,267.18907
42,1.0543933054393306,256.689256130002,266.7345387096395,266.4662334653502,266.737619
43,1.0794979079497908,256.689256130002,266.15107577923726,265.8825201873244,266.154191
44,1.104602510460251,256.689256130002,265.4564893346222,265.193526569528,265.459655
45,1.1297071129707112,256.689256130002,264.6784820064384,264.49585008515754,264.681613
46,1.1548117154811715,256.689256130002,263.8496467216164,263.7383164553657,263.852756
47,1.1799163179916319,256.689256130002,263.00569711887937,262.9459620408871,263.008844
48,1.205020920502092,256.689256130002,262.18342785112634,262.1601445859899,262.186604
49,1.2301255230125523,256.689256130002,261.4185573274407,261.4277182086474,261.421683
50,1.2552301255230125,256.689256130002,260.74377946284136,260.7806703060053,260.74689
51,1.2803347280334727,256.689256130002,260.1876723445468,260.2346626590438,260.190744
52,1.3054393305439331,256.689256130002,259.7732774966783,259.8038085116491,259.776389
53,1.3305439330543933,256.689256130002,259.51773671654814,259.50913157246043,259.520846
54,1.3556485355648535,256.689256130002,259.43139747593625,259.3726782722072,259.4345
55,1.3807531380753137,256.689256130002,259.51774040261364,259.50913157246043,259.520846
56,1.405857740585774,256.689256130002,259.7732622444254,259.8038085116491,259.776389
57,1.4309623430962344,256.689256130002,260.18761375514975,260.2346316366564,260.190742
58,1.4560669456066946,256.689256130002,260.74376153939613,260.7806703060053,260.746893
59,1.4811715481171548,256.689256130002,261.4185703957108,261.4277182086474,261.421697
60,1.506276150627615,256.689256130002,262.1834527705323,262.16008208214816,262.186629
61,1.5313807531380752,256.689256130002,263.0057269346364,262.9458053129272,263.008897
62,1.5564853556485356,256.689256130002,263.84958680601386,263.7380963750562,263.852841
63,1.5815899581589958,256.689256130002,264.6784813982609,264.4955347817217,264.681746
64,1.606694560669456,256.689256130002,265.4564791294602,265.1929575265644,265.459841
65,1.6317991631799162,256.689256130002,266.151060996644,265.8816644057106,266.154434
66,1.6569037656903765,256.689256130002,266.7345013432123,266.46515344902593,266.737916
67,1.6820083682008369,256.689256130002,267.18597757451425,266.92223217806327,267.189409
68,1.707112970711297,256.689256130002,267.4923967651561,267.2383561322484,267.495818
69,1.7322175732217573,256.689256130002,267.6487212999998,267.40862387617034,267.652169
70,1.7573221757322175,256.689256130002,267.65776395796513,267.4361675341509,267.661198
71,1.7824267782426777,256.689256130002,267.5288656133259,267.330598916123,267.53232
72,1.8075313807531381,256.689256130002,267.2766923354412,267.10624474027156,267.280124
73,1.8326359832635983,256.689256130002,266.9192578295115,266.78105409886047,266.922686
74,1.8577405857740585,256.689256130002,266.4764817092809,266.37492401849255,266.479911
75,1.8828451882845187,256.689256130002,265.9686475997869,265.90794132691093,265.972027
76,1.907949790794979,256.689256130002,265.41510332263323,265.39855631356426,265.418443
77,1.9330543933054394,256.689256130002,264.83360813553736,264.86116066454775,264.836903
78,1.9581589958158996,256.689256130002,264.2397023812807,264.30471905891034,264.242976
79,1.9832635983263598,256.689256130002,263.6465789216532,263.73482663209097,263.649826
80,2.00836820083682,256.689256130002,263.06496622112184,263.15894757739784,263.068193
81,2.0334728033472804,256.689256130002,262.50329725466037,262.58917791624543,262.506508
82,2.0585774058577404,256.689256130002,261.96798456388376,262.0394774321262,261.971128
83,2.083682008368201,256.689256130002,261.4634159464944,261.52051172481674,261.46659
84,2.1087866108786613,256.689256130002,260.9927801840576,261.0371748072309,260.995903
85,2.1338912133891212,256.689256130002,260.5577085513607,260.5892106685842,260.560818
86,2.1589958158995817,256.689256130002,260.15890672594395,260.17402095473125,260.162093
87,2.1841004184100417,256.689256130002,259.7966566417277,259.7891286593927,259.799711
88,2.209205020920502,256.689256130002,259.46992620957354,259.43331875961263,259.473089
89,2.2343096234309625,256.689256130002,259.1782320139177,259.1068439133346,259.181246
90,2.2594142259414225,256.689256130002,258.91979259311495,258.85593916198604,258.922938
91,2.284518828451883,256.689256130002,258.69373786165613,258.6381422704607,258.696783
92,2.309623430962343,256.689256130002,258.4981948310212,258.45201440983556,258.501353
93,2.3347280334728033,256.689256130002,258.33209453102694,258.2956707608123,258.33524
94,2.3598326359832638,256.689256130002,258.19407433445195,258.16684154569265,258.197134
95,2.3849372384937237,256.689256130002,258.08282850680996,258.0631168772837,258.085852
96,2.410041841004184,256.689256130002,257.9973610108645,257.9824060226909,258.000391
97,2.435146443514644,256.689256130002,257.936791366729,257.92275035640426,257.93994
98,2.4602510460251046,256.689256130002,257.90078769135323,257.88284411330136,257.90391
99,2.485355648535565,256.689256130002,257.8887939905743,257.8616944635417,257.89194
100,2.510460251046025,256.689256130002,257.90088031998573,257.88284411330136,257.903908
101,2.5355648535564854,256.689256130002,257.9368601462822,257.92275035640426,257.939938
102,2.5606694560669454,256.689256130002,257.9973526932837,257.98237526879336,258.00039
103,2.585774058577406,256.689256130002,258.08272883040803,258.0631168772837,258.085851
104,2.6108786610878663,256.689256130002,258.1939980966225,258.1668107698087,258.197133
105,2.6359832635983262,256.689256130002,258.3322539754111,258.29570155205755,258.335241
106,2.6610878661087867,256.689256130002,258.4984306530562,258.4520452197184,258.501352
107,2.6861924686192467,256.689256130002,258.6936779895461,258.63811143839337,258.696781
108,2.711297071129707,256.689256130002,258.9198062284155,258.85593916198604,258.922934
109,2.7364016736401675,256.689256130002,259.1781412424547,259.1068130253937,259.181237
110,2.7615062761506275,256.689256130002,259.46998937270246,259.43331875961263,259.473076
111,2.786610878661088,256.689256130002,259.7965827397422,259.78909769011705,259.799693
112,2.811715481171548,256.689256130002,260.15900326221987,260.1739589244182,260.162066
113,2.8368200836820083,256.689256130002,260.557694568902,260.58911747463685,260.560782
114,2.8619246861924688,256.689256130002,260.9927632923414,261.0370814530791,260.995852
115,2.8870292887029287,256.689256130002,261.4634535605264,261.5204181978103,261.466524
116,2.912133891213389,256.689256130002,261.96794370746335,262.0394149570538,261.971043
117,2.937238493723849,256.689256130002,262.50330761687,262.58917791624543,262.5064
118,2.9623430962343096,256.689256130002,263.0649731367922,263.1590103193877,263.068059
119,2.98744769874477,256.689256130002,263.6465803444302,263.73488951138114,263.649665
120,3.01255230125523,256.689256130002,264.2396979030715,264.30478207407344,264.242783
121,3.0376569037656904,256.689256130002,264.83360399750615,264.86125538629705,264.836678
122,3.0627615062761504,256.689256130002,265.4151053972977,265.3986512275013,265.418186
123,3.087866108786611,256.689256130002,265.9686546348846,265.90800472431204,265.971737
124,3.1129707112970713,256.689256130002,266.4764889553888,266.37498752723104,266.479589
125,3.1380753138075312,256.689256130002,266.91926906312455,266.78121311280745,266.922339
126,3.1631799163179917,256.689256130002,267.2766913381136,267.106563155918,267.27975
127,3.1882845188284517,256.689256130002,267.5288953931374,267.3311406776151,267.53193
128,3.213389121338912,256.689256130002,267.6577194083301,267.43702831917557,267.660801
129,3.2384937238493725,256.689256130002,267.64871791962656,267.4096758387779,267.651778
130,3.2635983263598325,256.689256130002,267.49235311195815,267.23947113988464,267.495445
131,3.288702928870293,256.689256130002,267.1859707394112,266.92331404698433,267.189071
132,3.313807531380753,256.689256130002,266.7345355930183,266.46620170010164,266.737619
133,3.3389121338912133,256.689256130002,266.1511080204451,265.88248849165996,266.154187
134,3.3640167364016738,256.689256130002,265.4564949165615,265.193526569528,265.459654
135,3.3891213389121337,256.689256130002,264.6784718237625,264.49585008515754,264.681613
136,3.414225941422594,256.689256130002,263.849611563232,263.7383164553657,263.852754
137,3.439330543933054,256.689256130002,263.0057341742538,262.9459620408871,263.008844
138,3.4644351464435146,256.689256130002,262.1835188585622,262.1601445859899,262.186603
139,3.489539748953975,256.689256130002,261.4185542171309,261.4277182086474,261.421684
140,3.514644351464435,256.689256130002,260.74379448895405,260.7806703060053,260.74689
141,3.5397489539748954,256.689256130002,260.18763716388884,260.2346316366564,260.190742
142,3.5648535564853554,256.689256130002,259.7732837795898,259.8038085116491,259.776389
143,3.589958158995816,256.689256130002,259.5177498359225,259.50913157246043,259.520848
144,3.6150627615062763,256.689256130002,259.43140851628453,259.3726782722072,259.434501
145,3.6401673640167362,256.689256130002,259.51775658158795,259.50913157246043,259.520846
146,3.6652719665271967,256.689256130002,259.77327479558573,259.8038085116491,259.77639
147,3.6903765690376567,256.689256130002,260.187647016886,260.2346316366564,260.190743
148,3.715481171548117,256.689256130002,260.74375916415056,260.7806703060053,260.746892
149,3.7405857740585775,256.689256130002,261.4185414563711,261.4277182086474,261.421696
150,3.7656903765690375,256.689256130002,262.1834418876994,262.16008208214816,262.186629
151,3.790794979079498,256.689256130002,263.0056809282608,262.9458053129272,263.008896
152,3.815899581589958,256.689256130002,263.8496414536638,263.7380963750562,263.852839
153,3.8410041841004183,256.689256130002,264.6785087674366,264.4955347817217,264.681747
154,3.8661087866108788,256.689256130002,265.4565387294423,265.1929575265644,265.459842
155,3.8912133891213387,256.689256130002,266.1510879892182,265.8816644057106,266.154432
156,3.916317991631799,256.689256130002,266.7345313036174,266.46515344902593,266.737915
157,3.941422594142259,256.689256130002,267.1859900412933,266.92223217806327,267.189408
158,3.9665271966527196,256.689256130002,267.49237022189743,267.2383561322484,267.495815
159,3.99163179916318,256.689256130002,267.64870036814494,267.40862387617034,267.652169
160,4.01673640167364,256.689256130002,267.657725767055,267.4361675341509,267.661198
161,4.0418410041841,256.689256130002,267.52885173921584,267.330598916123,267.532318
162,4.066945606694561,256.689256130002,267.2766660934397,267.10624474027156,267.280123
163,4.092050209205021,256.689256130002,266.91925616498327,266.78105409886047,266.922688
164,4.117154811715481,256.689256130002,266.47652824556883,266.37489226412896,266.479909
165,4.142259414225942,256.689256130002,265.968655289255,265.90790962821603,265.972025
166,4.167364016736402,256.689256130002,265.41509259934196,265.39855631356426,265.418444
167,4.192468619246862,256.689256130002,264.8335920018508,264.86119223846043,264.836904
168,4.2175732217573225,256.689256130002,264.2396938691707,264.30471905891034,264.242974
169,4.2426778242677825,256.689256130002,263.64657941837953,263.73482663209097,263.649826
170,4.2677824267782425,256.689256130002,263.0649732402117,263.15894757739784,263.068193
171,4.2928870292887025,256.689256130002,262.50330140439047,262.58917791624543,262.506509
172,4.317991631799163,256.689256130002,261.9679646322353,262.0394774321262,261.971126
173,4.343096234309623,256.689256130002,261.46347315479517,261.52051172481674,261.466589
174,4.368200836820083,256.689256130002,260.99277501615,261.0371748072309,260.995903
175,4.393305439330544,256.689256130002,260.5577210549126,260.5892106685842,260.560819
176,4.418410041841004,256.689256130002,260.1590277062865,260.17402095473125,260.162092
177,4.443514644351464,256.689256130002,259.7965501346864,259.7891286593927,259.799709
178,4.468619246861925,256.689256130002,259.47005582972866,259.4333496864761,259.473089
179,4.493723849372385,256.689256130002,259.17812480867536,259.1068439133346,259.181246
180,4.518828451882845,256.689256130002,258.91991853556004,258.8559700200205,258.922937
181,4.543933054393305,256.689256130002,258.6938168909992,258.6381422704607,258.696785
182,4.569037656903766,256.689256130002,258.49820452899087,258.45201440983556,258.501352
183,4.594142259414226,256.689256130002,258.33207681724616,258.2956707608123,258.33524
184,4.619246861924686,256.689256130002,258.1941204325618,258.16684154569265,258.197133
185,4.644351464435147,256.689256130002,258.0827868638616,258.0631168772837,258.085851
186,4.669456066945607,256.689256130002,257.9972667626812,257.98237526879336,258.000391
187,4.694560669456067,256.689256130002,257.9368891679027,257.9227811031939,257.939941
188,4.7196652719665275,256.689256130002,257.9007306018554,257.88284411330136,257.90391
189,4.7447698744769875,256.689256130002,257.88887919566355,257.8616944635417,257.891939
190,4.7698744769874475,256.689256130002,257.90087035769864,257.88284411330136,257.903909
191,4.7949790794979075,256.689256130002,257.93701368780296,257.9227811031939,257.939939
192,4.820083682008368,256.689256130002,257.9972491506557,257.98237526879336,258.000391
193,4.845188284518828,256.689256130002,258.0828218266747,258.06314764080633,258.085853
194,4.870292887029288,256.689256130002,258.1939302091338,258.1668107698087,258.197133
195,4.895397489539749,256.689256130002,258.3322515640752,258.29570155205755,258.335241
196,4.920502092050209,256.689256130002,258.49828018021174,258.45201440983556,258.501352
197,4.945606694560669,256.689256130002,258.69370244133097,258.63811143839337,258.696782
198,4.97071129707113,256.689256130002,258.91982327298905,258.85593916198604,258.922934
199,4.99581589958159,256.689256130002,259.17816404769934,259.1068130253937,259.181239
200,5.02092050209205,256.689256130002,259.47005567948884,259.43331875961263,259.473077
201,5.04602510460251,256.689256130002,259.79661582042564,259.78909769011705,259.799691
202,5.071129707112971,256.689256130002,260.15895868967914,260.1739589244182,260.162067
203,5.096234309623431,256.689256130002,260.557688340002,260.58911747463685,260.560782
204,5.121338912133891,256.689256130002,260.9927602596569,261.0370814530791,260.995854
205,5.146443514644352,256.689256130002,261.4634598548097,261.5204181978103,261.466524
206,5.171548117154812,256.689256130002,261.96797414226245,262.0394149570538,261.971044
207,5.196652719665272,256.689256130002,262.5033257064221,262.58917791624543,262.5064
208,5.2217573221757325,256.689256130002,263.0649819046533,263.1590103193877,263.06806
209,5.2468619246861925,256.689256130002,263.6465798670811,263.73488951138114,263.649665
210,5.2719665271966525,256.689256130002,264.23969651249706,264.30481358166065,264.242783
211,5.2970711297071125,256.689256130002,264.8336019255913,264.86125538629705,264.836678
212,5.322175732217573,256.689256130002,265.4150912474499,265.3986512275013,265.418186
213,5.347280334728033,256.689256130002,265.9686563067246,265.90800472431204,265.971736
214,5.372384937238493,256.689256130002,266.4765100555844,266.37498752723104,266.47959
215,5.397489539748954,256.689256130002,266.9192582655527,266.78121311280745,266.92234
216,5.422594142259414,256.689256130002,267.2766846888151,267.106563155918,267.279752
217,5.447698744769874,256.689256130002,267.52882034772,267.3311725459724,267.531929
218,5.472803347280335,256.689256130002,267.6577265349739,267.43702831917557,267.660802
219,5.497907949790795,256.689256130002,267.6487109708927,267.4096758387779,267.651779
220,5.523012552301255,256.689256130002,267.4923875836925,267.23947113988464,267.495442
221,5.548117154811715,256.689256130002,267.1859790329868,266.92331404698433,267.189071
222,5.573221757322176,256.689256130002,266.734534541058,266.4662334653502,266.73762
223,5.598326359832636,256.689256130002,266.15108428039395,265.8825201873244,266.15419
224,5.623430962343096,256.689256130002,265.4565260285333,265.193526569528,265.459654
225,5.648535564853557,256.689256130002,264.67843732321916,264.49585008515754,264.681611
226,5.673640167364017,256.689256130002,263.84959954116255,263.7383164553657,263.852753
227,5.698744769874477,256.689256130002,263.0057369246015,262.9459620408871,263.008845
228,5.7238493723849375,256.689256130002,262.1834802439826,262.1601445859899,262.186606
229,5.7489539748953975,256.689256130002,261.4185555562331,261.4277182086474,261.421683
230,5.7740585774058575,256.689256130002,260.7438092808504,260.7806703060053,260.746889
231,5.7991631799163175,256.689256130002,260.18762667244516,260.2346316366564,260.190742
232,5.824267782426778,256.689256130002,259.7732657073016,259.8038085116491,259.776389
233,5.849372384937238,256.689256130002,259.5176814498581,259.50913157246043,259.520844
234,5.874476987447698,256.689256130002,259.431419773236,259.3726782722072,259.434499
235,5.899581589958159,256.689256130002,259.5177410988276,259.50913157246043,259.520845
236,5.924686192468619,256.689256130002,259.77328953125044,259.8038085116491,259.776389
237,5.949790794979079,256.689256130002,260.18763138894894,260.2346316366564,260.190741
238,5.97489539748954,256.689256130002,260.7437911824154,260.7806703060053,260.746895
239,6.0,256.689256130002,261.4185575325309,261.4277182086474,261.421696
