bin,is_bin_thumbnail,mesh_id_10k,row_10k,source_10k,mesh_filename,mesh_id_archive,source_archive,non_sphericity,phi,non_sph_va,non_sph_vm,non_sph_w,eta_V,eta_A,eta_M,surface_area,volume,M,W_vertex,Phi_VM,V_hull,A_hull,M_hull,i00,i11,i22,f_gt,f_minnaert,f_strasberg,f_pred_residual,f_pred_direct,f_pred_minnaert_residual,ape_minnaert,ape_strasberg,ape_residual,ape_direct,ape_minnaert_residual
0,False,VOF/bubble.0056.40.obj,76,VOF,bubble.0056.40.obj,tim2016_6k/bubble.0056.40.obj,tim2016_6k,0.0019973576351399,0.99800264236486,0.0019973576351399,0.0020894896900239,0.0857737355709401,0.9999248874302636,0.99999346846243,1.000002278229043,4.845654366796176,0.9999999999999994,7.811877015926019,13.74536162796302,0.997910510309976,1.0000751182120575,4.845686016576446,7.811859218721468,0.15056,0.153426,0.158346,5.293662844,5.255093770093692,5.293029287573975,5.29667989741431,5.301248111329599,5.301248604280646,0.7285895426835309,0.011968205091546573,0.05699368288499436,0.1432895813944111,0.1432988934919439
0,False,VOF/bubble.0328.18.obj,868,VOF,bubble.0328.18.obj,tim2016_6k/bubble.0328.18.obj,tim2016_6k,0.0043349157911831,0.9956650842088168,0.0043349157911831,0.0044626179921579,0.1631916090691563,0.999853093520216,0.9999775923571004,1.000006313618876,4.85703068104694,1.0,7.830498703844857,15.017022714579465,0.995537382007842,1.0001469280644688,4.857139518094774,7.830449265372567,0.150838,0.153253,0.158649,5.295193656,5.255093770093691,5.29304548381668,5.296812439455896,5.302180331366146,5.302180784899552,0.757288373407693,0.0405683403266278,0.0305708074351755,0.13194371764343288,0.13195228264475012
0,False,VOF/bubble.0177.45.obj,1540,VOF,bubble.0177.45.obj,tim2016_6k/bubble.0177.45.obj,tim2016_6k,0.0053410997951373,0.9946589002048628,0.0053410997951373,0.0053724586967791,0.0613611511133924,0.9999550664529804,0.9999975146339412,1.0000011709123713,4.861943990098893,0.9999999999999996,7.8376616931673775,13.387865449278092,0.9946275413032208,1.0000449355661336,4.861956073839498,7.837652515963084,0.144359,0.153509,0.16808,5.298113742,5.255093770093691,5.296961068357726,5.300800033363808,5.304408843312978,5.304409198234683,0.8119865673187608,0.02175630230691606,0.05070278772071669,0.11881778345139515,0.11882448247149464
0,False,VOF/bubble.0204.59.obj,2407,VOF,bubble.0204.59.obj,tim2016_6k/bubble.0204.59.obj,tim2016_6k,0.0073270193121823,0.9926729806878176,0.0073270193121823,0.0073331856521248,0.1239546020422044,0.9998903105545588,0.9999866566976796,1.0000036040040745,4.871670687257535,0.9999999999999996,7.853142733055639,14.34442854634409,0.9926668143478752,1.000109701478535,4.871735692299703,7.853114430399236,0.142988,0.153845,0.170454,5.300014951,5.255093770093691,5.298455831949909,5.302770946449677,5.305783084839757,5.305783597978085,0.8475670601237335,0.029417257583335913,0.05199976745644795,0.1088324069476331,0.10884208877555489
0,True,VOF/bubble.0253.46.obj,3911,VOF,bubble.0253.46.obj,tim2016_6k/bubble.0253.46.obj,tim2016_6k,0.0079302419453484,0.9920697580546516,0.0079302419453484,0.0079486706403582,0.2431439500887061,0.9995891754326012,0.999898536155986,1.000022752339264,4.874632880184016,0.9999999999999996,7.858014952183423,16.603382658871517,0.9920513293596418,1.0004109934135896,4.875127529363205,7.857836168029047,0.150649,0.151576,0.161052,5.297342874,5.255093770093691,5.2935860429148205,5.298135674277169,5.303249900232102,5.30325039336929,0.7975527526011774,0.07091916031371912,0.014965998917302844,0.11150922967616038,0.11151853881849272
0,False,VOF/bubble.0284.21.obj,5029,VOF,bubble.0284.21.obj,tim2016_6k/bubble.0284.21.obj,tim2016_6k,0.0089046971731528,0.9910953028268472,0.0089046971731528,0.0090390425344374,0.1011620088557487,0.9998947444789746,0.9999888344288522,1.0000027378492693,4.879425670019842,0.9999999999999996,7.866661265221859,13.980684770969413,0.9909609574655626,1.0001052666009158,4.879480152202645,7.866639727548029,0.137832,0.160826,0.170938,5.302533625,5.255093770093691,5.300499814185637,5.30491742979507,5.307618913399854,5.307619545350271,0.8946639146736027,0.038355453415201475,0.04495595810711356,0.09590299203155829,0.09591490992706132
0,False,VOF/bubble.0296.80.obj,5543,VOF,bubble.0296.80.obj,tim2016_6k/bubble.0296.80.obj,tim2016_6k,0.0099179601014999,0.9900820398985,0.0099179601014999,0.0104983961070012,0.260568340688832,0.9992655032339478,0.9997751895147268,1.000036861900788,4.884419338164316,1.0,7.878263308287161,16.994634265546082,0.9895016038929988,1.0007350366480932,4.885517653758869,7.877972911231296,0.141811,0.159889,0.164273,5.300187175,5.255093770093691,5.29647472332529,5.301802244606284,5.30483948079805,5.304839756700296,0.8507889140030037,0.0700437843444529,0.030471935291312355,0.08777625477066467,0.08778146028957992
0,False,VOF/bubble.0203.46.obj,2371,VOF,bubble.0203.46.obj,tim2016_6k/bubble.0203.46.obj,tim2016_6k,0.0105957472935236,0.9894042527064764,0.0105957472935236,0.0103047374734863,0.1135925089184336,0.9999058512787716,0.999991150046502,1.0000027720084723,4.887765388940653,0.9999999999999996,7.876721729010669,14.176742345697107,0.9896952625265136,1.0000941575860445,4.887808645819876,7.876699894731827,0.141147,0.153215,0.17684,5.304525783,5.255093770093691,5.303040549742488,5.307687550112899,5.308993353695271,5.308993867144072,0.931883733409865,0.027999359759388862,0.05960508520915884,0.0842218678546007,0.08423154730233674
0,False,VOF/bubble.0176.35.obj,1497,VOF,bubble.0176.35.obj,tim2016_6k/bubble.0176.35.obj,tim2016_6k,0.0134364181161888,0.9865635818838112,0.0134364181161888,0.0133123127411649,0.1365291144168007,0.999850269622086,0.9999818647356782,1.000004521185565,4.90183902066937,0.9999999999999996,7.900731183844723,14.55332290198955,0.986687687258835,1.000149752800457,4.901927918427857,7.90069546333444,0.141088,0.153827,0.177498,5.307307234,5.255093770093691,5.303337201105372,5.308534018135701,5.311722406276673,5.311722722112315,0.9838033037133382,0.07480314818019584,0.0231150012918436,0.08319044068880924,0.08319639164714193
0,False,VOF/bubble.0301.47.obj,5727,VOF,bubble.0301.47.obj,tim2016_6k/bubble.0301.47.obj,tim2016_6k,0.0135275888899387,0.9864724111100612,0.0135275888899387,0.0137752168293507,0.3183548491453095,0.9991970462119548,0.9997222464819469,1.000059159608608,4.902292053568496,1.0,7.904439548131517,18.435355402444586,0.9862247831706492,1.0008035990409392,4.903654060735182,7.903971952244371,0.147507,0.151699,0.166355,5.302154428,5.255093770093691,5.295630085551138,5.303234757346166,5.306364382923606,5.306364619369664,0.8875761456095616,0.1230507812901052,0.020375290098327344,0.07940083565605113,0.07940529508969268
1,False,VOF/bubble.0229.73.obj,3149,VOF,bubble.0229.73.obj,tim2016_6k/bubble.0229.73.obj,tim2016_6k,0.013708660430074,0.986291339569926,0.013708660430074,0.0140000608891054,0.3104898115713548,0.9992078319339622,0.9997444934745532,1.000056836906945,4.903192056982011,1.0,7.906242049539061,18.22506878831946,0.9859999391108946,1.000792796093786,4.904445174727851,7.905792708734549,0.148889,0.154762,0.160814,5.301842723,5.255093770093691,5.293614333848564,5.301010927307745,5.306869196141109,5.306869452379291,0.8817491455094871,0.15519866547041497,0.015688803604953706,0.09480615332672851,0.09481098632904811
1,False,VOF/bubble.0232.43.obj,3241,VOF,bubble.0232.43.obj,tim2016_6k/bubble.0232.43.obj,tim2016_6k,0.0142194114489866,0.9857805885510134,0.0142194114489866,0.0144455109803993,0.2504757410255237,0.9993836745877354,0.9998447568218272,1.0000293521142156,4.905732490794678,0.9999999999999994,7.909815506189093,16.76579572161266,0.9855544890196006,1.0006167055035378,4.906494190546505,7.909583343195406,0.138712,0.158312,0.173771,5.306153462,5.255093770093692,5.301504318509837,5.307688726594574,5.30968260619724,5.309682684550278,0.9622731847461927,0.08761796136237403,0.02893366363351944,0.0665104057489897,0.06651188239376442
1,False,VOF/bubble.0167.69.obj,1202,VOF,bubble.0167.69.obj,tim2016_6k/bubble.0167.69.obj,tim2016_6k,0.0145683504232292,0.9854316495767708,0.0145683504232292,0.0140006338286046,0.1239317108791882,0.9999046819778884,0.999988811978168,1.0000046361441166,4.9074695988569,1.0,7.906246643657999,14.344053734635567,0.9859993661713954,1.0000953271085031,4.907524504348196,7.906209989329072,0.138993,0.153875,0.182798,5.309712098,5.255093770093691,5.308565446997365,5.313730370130799,5.312823033455116,5.312823092062687,1.0286495180573483,0.021595351715343113,0.07567777794040167,0.05858953174292309,0.058590635523507774
1,False,VOF/bubble.0165.62.obj,1123,VOF,bubble.0165.62.obj,tim2016_6k/bubble.0165.62.obj,tim2016_6k,0.0156904514652909,0.9843095485347092,0.0156904514652909,0.0160817740594956,0.3193601800301017,0.998387638539832,0.9995066932354728,1.0000863267059974,4.913064055152646,1.0,7.922969586207147,18.4625851230904,0.9839182259405044,1.001614965368087,4.91548889907752,7.922285681380304,0.146366,0.149967,0.171788,5.305098956,5.255093770093691,5.2986812818581885,5.306904076621333,5.3084813773905735,5.308481455725884,0.9425872414642578,0.12097180834964999,0.034026144211522495,0.06375793210695617,0.06375940871109366
1,False,LBM/bubble.0097.107.obj,8247,LBM,bubble.0097.107.obj,lbm_exhale_3k/bubble.0097.107.obj,lbm_exhale_3k,0.0164381067753858,0.9835618932246142,0.0164381067753858,0.0178033601084696,0.1864285473804984,0.9990681467681968,0.9996206819260254,1.0000668021156411,4.916798724475416,1.0,7.936856900979028,15.445933573380096,0.9821966398915304,1.000932722392179,4.918664462805975,7.93632673756254,0.143424605643913,0.1520000446304179,0.1764192693437429,5.309581244,5.255093770093691,5.3019860148952045,5.308299115173022,5.314511780525881,5.3145121955178825,1.0262103808635064,0.1430476106449765,0.02414745660831631,0.09286111840650631,0.09286893431481585
1,True,VOF/bubble.0131.16.obj,277,VOF,bubble.0131.16.obj,tim2016_6k/bubble.0131.16.obj,tim2016_6k,0.017650536963583,0.9823494630364168,0.017650536963583,0.0168174331135472,0.1054149787070907,0.999912071481684,0.9999924239841074,1.0000026642236826,4.9228671099402135,0.9999999999999996,7.928897889359964,14.047150707036746,0.9831825668864528,1.0000879362504198,4.922904405942231,7.928876765058711,0.136634,0.156486,0.185837,5.313778677,5.255093770093691,5.311854193164766,5.317007529813424,5.316000172426797,5.316000369694926,1.104391252882239,0.03621686096117989,0.0607637805352924,0.04180632205124393,0.04181003444012826
1,False,VOF/bubble.0243.40.obj,3594,VOF,bubble.0243.40.obj,tim2016_6k/bubble.0243.40.obj,tim2016_6k,0.0177287722145875,0.9822712277854124,0.0177287722145875,0.020518504630723,0.3796401089832961,0.9973804658280164,0.9985932057854292,1.0002863921206628,4.923259203012996,0.9999999999999994,7.958858045095055,20.2565813753114,0.979481495369277,1.0026264141536083,4.9301949727774055,7.956579343463658,0.147835,0.155496,0.161766,5.304818357,5.255093770093692,5.293987301826476,5.305736915474081,5.309464871220727,5.30946496934985,0.9373475877961692,0.20417391217989267,0.017315549982378647,0.08759044906024469,0.0875922988714331
1,False,VOF/bubble.0236.68.obj,3391,VOF,bubble.0236.68.obj,tim2016_6k/bubble.0236.68.obj,tim2016_6k,0.0180094324339545,0.9819905675660454,0.0180094324339545,0.0189270989085383,0.3147218080420819,0.9987718004998046,0.9994914117745836,1.00008989843892,4.924666307168123,0.9999999999999994,7.9459479216771856,18.33761932282657,0.9810729010914616,1.0012297098291925,4.927172208938188,7.945233657574516,0.138968,0.157629,0.174541,5.308528246,5.255093770093692,5.301866277497285,5.310692794461188,5.311572338419508,5.311572733394828,1.0065779709577805,0.1254955835967256,0.04077492594711299,0.057343434534840705,0.057350874927011616
1,False,VOF/bubble.0304.29.obj,805,VOF,bubble.0304.29.obj,tim2016_6k/bubble.0304.29.obj,tim2016_6k,0.018991756848945,0.981008243151055,0.018991756848945,0.0190518206686683,0.2841092546877234,0.9991134145970376,0.9997092480605242,1.0000534566577266,4.929597580664535,0.9999999999999996,7.946958201966781,17.55347543831934,0.9809481793313316,1.0008873721341431,4.9310312875750135,7.946533406850337,0.13682,0.158148,0.180278,5.31161779,5.255093770093691,5.306670819948504,5.31471964326682,5.313560289872897,5.313560843352494,1.064158268554731,0.09313490253024154,0.05839752387040423,0.03657077654485014,0.03658119671473336
1,False,VOF/bubble.0247.59.obj,3726,VOF,bubble.0247.59.obj,tim2016_6k/bubble.0247.59.obj,tim2016_6k,0.0191650225310756,0.9808349774689245,0.0191650225310756,0.0197798013246536,0.3575751271075507,0.9987728656362392,0.9994520538086982,1.0001282528818152,4.930468400024635,0.9999999999999996,7.952860173638832,19.560840721780327,0.9802201986753464,1.0012286420726684,4.933171512565984,7.951840327201134,0.145089,0.156132,0.165713,5.307060937,5.255093770093691,5.295676134080423,5.306408943538406,5.311209533648422,5.3112099483825626,0.9792080310215125,0.21452180509563182,0.012285396179431135,0.07817126461651637,0.07817907937774271
2,False,VOF/bubble.0241.50.obj,3538,VOF,bubble.0241.50.obj,tim2016_6k/bubble.0241.50.obj,tim2016_6k,0.0192750795892552,0.9807249204107448,0.0192750795892552,0.021375716183686,0.3895220458339309,0.9982001080640736,0.9991325370096168,1.0001726800905368,4.931021697729487,0.9999999999999996,7.965829489782738,20.58447897848368,0.978624283816314,1.001803137388371,4.9353028903331815,7.964454187112632,0.14947,0.154119,0.161431,5.30581764,5.255093770093691,5.293651663426462,5.306149374791138,5.310970843152849,5.310970961094713,0.9560047734001896,0.22929503799414444,0.006252284070928575,0.09712363866409049,0.09712586154230224
2,False,LBM/bubble.0066.113.obj,6771,LBM,bubble.0066.113.obj,lbm_exhale_3k/bubble.0066.113.obj,lbm_exhale_3k,0.0201696452897874,0.9798303547102124,0.0201696452897874,0.023068736374192,0.2148430738820871,0.9981769122074232,0.9992592071229006,1.00023011599396,4.935523622841486,0.9999999999999996,7.979634258513628,16.0049159554532,0.976931263625808,1.0018264175120468,4.939182534081427,7.977798439496111,0.1316833171706789,0.1702143944493068,0.1758082894301245,5.315588907,5.255093770093691,5.306978835728903,5.314675227287384,5.318439273304416,5.318439490475788,1.1380702677486005,0.16197774925293848,0.017188682733033953,0.05362277546824799,0.05362686102443663
2,False,VOF/bubble.0211.7.obj,2588,VOF,bubble.0211.7.obj,tim2016_6k/bubble.0211.7.obj,tim2016_6k,0.0213117737330577,0.9786882262669424,0.0213117737330577,0.0226934999081488,0.3881370047971266,0.9977365990519445,0.9989406778479416,1.0002248622611034,4.941283375294605,0.9999999999999996,7.976570480917552,20.53788301120022,0.9773065000918512,1.002268535553578,4.946523337041207,7.974777254472316,0.149668,0.150336,0.1675,5.30892339,5.255093770093691,5.295782220441138,5.308577554386124,5.312711567161206,5.312711625767547,1.013946066874959,0.24752983973389248,0.006514232518923826,0.07135490348836679,0.07135600740976117
2,False,VOF/bubble.0023.2.obj,7,VOF,bubble.0023.2.obj,tim2016_6k/bubble.0023.2.obj,tim2016_6k,0.0225713051568398,0.9774286948431602,0.0225713051568398,0.0233339415176867,0.1254915133324212,0.9998202766838384,0.9999778208429212,1.000005186089267,4.947650798021021,0.9999999999999992,7.981801058547463,14.369638266456237,0.9766660584823132,1.0001797556224372,4.947760535179119,7.981759664429337,0.128143,0.169836,0.187013,5.320905537,5.255093770093692,5.316197535734319,5.322271887288515,5.322134283194517,5.322134698781734,1.236852758401214,0.08848120367750908,0.02567890519788992,0.023092802267823308,0.023100612728170596
2,True,VOF/bubble.0360.74.obj,999,VOF,bubble.0360.74.obj,tim2016_6k/bubble.0360.74.obj,tim2016_6k,0.024435887862504,0.975564112137496,0.024435887862504,0.0282088334982889,0.4150022347017036,0.995635305351291,0.9976443764377464,1.0005225514478655,4.957107177152724,0.9999999999999996,8.0218409552993,21.48105746686306,0.971791166501711,1.0043838287224744,4.968811827369681,8.017651319993554,0.145202,0.156148,0.166802,5.311742507,5.255093770093691,5.295983177150287,5.311214081876868,5.315931731474162,5.315931849526193,1.0664812315667722,0.29668851283631986,0.009948244336692896,0.07886723553789438,0.07886945801067248
2,False,VOF/bubble.0272.40.obj,4602,VOF,bubble.0272.40.obj,tim2016_6k/bubble.0272.40.obj,tim2016_6k,0.0257608267487861,0.974239173251214,0.0257608267487861,0.026918642569261,0.1310285327586197,0.9998337398710656,0.9999798624486832,1.0000048051764194,4.9638487086398655,1.0,8.011204941819443,14.461200497471022,0.973081357430739,1.0001662877759616,4.963948670410949,8.011166446751341,0.123571,0.176892,0.190745,5.326016114,5.255093770093691,5.322729854289409,5.329211565796719,5.325983600754292,5.325984066244179,1.3316209036597206,0.061702023430846374,0.05999703583921572,0.0006104608963296841,0.0006017209699464181
2,False,LBM/bubble.0067.119.obj,6814,LBM,bubble.0067.119.obj,lbm_exhale_3k/bubble.0067.119.obj,lbm_exhale_3k,0.0265191938583841,0.9734808061416158,0.0265191938583841,0.0263093826202763,0.226931588284894,0.9959946006568374,0.9990161501229408,1.000193435229595,4.967715677124403,0.9999999999999996,8.00619215210263,16.255185729914647,0.9736906173797236,1.004021507084999,4.972607976871111,8.004643771996768,0.1399882946750522,0.1557665040254432,0.1829994606832049,5.320563594,5.255093770093691,5.307373676820124,5.316220032114925,5.323379215451999,5.3233795220651885,1.2305054295402078,0.2479045113707668,0.08163725154931205,0.05291960902740422,0.052925371822710454
2,False,VOF/bubble.0177.2.obj,1526,VOF,bubble.0177.2.obj,tim2016_6k/bubble.0177.2.obj,tim2016_6k,0.0277069777491053,0.9722930222508946,0.0277069777491053,0.0296965674056631,0.4442121524461832,0.9975652209209874,0.9987220353909944,1.0002983647417911,4.973784395627916,0.9999999999999996,8.034140576621727,22.610013280548337,0.9703034325943368,1.002440721697138,4.980148849605292,8.031744187341136,0.15067,0.155216,0.160886,5.312944127,5.255093770093691,5.29333324998578,5.310071599708885,5.319068879884184,5.319068938560655,1.0888568658630866,0.36911506210950973,0.05406658196378878,0.11527982861815866,0.11528093302410367
2,False,VOF/bubble.0280.67.obj,4911,VOF,bubble.0280.67.obj,tim2016_6k/bubble.0280.67.obj,tim2016_6k,0.0288310965148884,0.9711689034851116,0.0288310965148884,0.0303871485477373,0.2621724323474229,0.9991551530708992,0.9997721042748624,1.0000450884937622,4.979541503743735,0.9999999999999994,8.03986268103348,17.031581856367197,0.9696128514522626,1.000845561298967,4.9806765786443,8.039500192079219,0.125242,0.172139,0.193661,5.327755756,5.255093770093692,5.324149832648367,5.334879217394381,5.327080832576049,5.327080782193829,1.3638385322840199,0.06768184422816077,0.13370472898195804,0.012668062404916108,0.01266900806049029
2,False,VOF/bubble.0301.73.obj,5741,VOF,bubble.0301.73.obj,tim2016_6k/bubble.0301.73.obj,tim2016_6k,0.0295495414709288,0.9704504585290712,0.0295495414709288,0.0332006052616675,0.4097785709691995,0.9969652187004132,0.9983947599499446,1.000322966592163,4.983227963413384,1.0,8.063259267504407,21.29094268060437,0.9667993947383324,1.0030440192322283,4.991240101924436,8.060655944923276,0.142168,0.155485,0.175462,5.318654848,5.255093770093691,5.301129258704792,5.317408193534623,5.322714200119001,5.32271477438076,1.1950592719926356,0.32951168662125974,0.02343928119054143,0.07632290936357516,0.07633370648757448
3,False,VOF/bubble.0144.16.obj,316,VOF,bubble.0144.16.obj,tim2016_6k/bubble.0144.16.obj,tim2016_6k,0.0299061406440993,0.9700938593559006,0.0299061406440993,0.0347440091137474,0.421471863243152,0.9964797053570702,0.9979745253780128,1.0003350000608833,4.9850597603620335,0.9999999999999994,8.076152080945901,21.72127821613756,0.9652559908862526,1.0035327308965794,4.995177365347871,8.073447475550054,0.142615,0.15992,0.167989,5.317456645,5.255093770093692,5.297216629643342,5.314263852229408,5.323303699033374,5.323303926318805,1.1727951738910258,0.38063338749907993,0.06004360700512494,0.10995959955540693,0.10996387388137988
3,False,VOF/bubble.0213.7.obj,2632,VOF,bubble.0213.7.obj,tim2016_6k/bubble.0213.7.obj,tim2016_6k,0.0300836368871281,0.969916363112872,0.0300836368871281,0.0315281591478839,0.1735916093637808,0.999801103908941,0.9999696459203148,1.000010359462966,4.985972034257381,0.9999999999999996,8.049334890916953,15.206005598133896,0.968471840852116,1.0001989356585834,4.986123383443883,8.049251504994084,0.122783,0.176028,0.197286,5.331847894,5.255093770093691,5.32925986856938,5.337550045546339,5.331097052990886,5.331097648016948,1.4395407639569364,0.04853899589918881,0.1069451278375,0.014082191090988648,0.014071031244083232
3,False,VOF/bubble.0198.53.obj,2226,VOF,bubble.0198.53.obj,tim2016_6k/bubble.0198.53.obj,tim2016_6k,0.0317990099825099,0.96820099001749,0.0317990099825099,0.0384415310240672,0.4258557045675004,0.9968467644215722,0.997723940206494,1.0005252275865255,4.994805739624423,1.0,8.107207653990958,21.887129619380783,0.9615584689759328,1.0031632099245038,5.006200150505231,8.102951760194218,0.133917,0.16915,0.173635,5.323042517,5.255093770093691,5.304477934401723,5.322474311666961,5.3265658420408855,5.326566287738656,1.2765020510225915,0.3487588637323063,0.010674446638820978,0.06619006009501054,0.0661984330841201
3,False,LBM/bubble.0075.71.obj,7134,LBM,bubble.0075.71.obj,lbm_exhale_3k/bubble.0075.71.obj,lbm_exhale_3k,0.0334603414522071,0.9665396585477928,0.0334603414522071,0.039822269410666,0.3228563398049934,0.9947866439533558,0.9966819461804406,1.0011511506979744,5.003391034482089,0.9999999999999996,8.118865842323569,18.5579092784244,0.960177730589334,1.0052406775647142,5.020047823336682,8.109530550570035,0.1411376029088097,0.1547051605186546,0.1871857295603762,5.329346183,5.255093770093691,5.310579059532109,5.325574902665649,5.3309400827776905,5.330940121725817,1.3932743409157058,0.3521468267112466,0.07076440908231411,0.029907979758842976,0.0299087105825719
3,True,VOF/bubble.0249.8.obj,3798,VOF,bubble.0249.8.obj,tim2016_6k/bubble.0249.8.obj,tim2016_6k,0.0350128432688906,0.9649871567311094,0.0350128432688906,0.0376531151023084,0.4840028658005697,0.9964404658486242,0.9980939689768612,1.0003273348046604,5.011440648009511,0.9999999999999996,8.100565712612312,24.35356667989232,0.9623468848976916,1.003572249696166,5.021010850458001,8.097914983193132,0.144073,0.157132,0.170679,5.321504437,5.255093770093691,5.297731323227094,5.317479752235065,5.327093533341618,5.327093681408978,1.2479678950291018,0.4467367086573009,0.07563058177592538,0.10502850101481295,0.10503128344902686
3,False,LBM/bubble.0100.38.obj,8399,LBM,bubble.0100.38.obj,lbm_exhale_3k/bubble.0100.38.obj,lbm_exhale_3k,0.0354537120772134,0.9645462879227864,0.0354537120772134,0.0355957604841475,0.1817758674484404,0.9995197867762852,0.999844848222145,1.000032784650158,5.013731246080472,0.9999999999999994,8.083284850919991,15.358103133883448,0.9644042395158524,1.0004804439392472,5.014509256106628,8.083019851941925,0.1251186922080464,0.1738146212393854,0.1996302725882543,5.337288538,5.255093770093692,5.329703014555588,5.338693764843314,5.33688084438076,5.336880863490861,1.54000982560909,0.14212316591852187,0.02632847808974894,0.007638590575301449,0.007638232526435979
3,False,VOF/bubble.0188.14.obj,1883,VOF,bubble.0188.14.obj,tim2016_6k/bubble.0188.14.obj,tim2016_6k,0.0371362623819048,0.9628637376180952,0.0371362623819048,0.0405090058565116,0.4049253016746199,0.9878700704378698,0.9961693319236016,1.0010369099480934,5.022492459849516,0.9999999999999996,8.124676757805723,21.11729947470901,0.9594909941434884,1.012278871407404,5.041805944930156,8.116260926110119,0.136471,0.16429,0.181895,5.330244828,5.255093770093691,5.30681929416588,5.325374716653308,5.328977392143681,5.328977887673211,1.4098988007368327,0.4394832618393867,0.09136749818898474,0.023778192132200116,0.023768895569933286
3,False,VOF/bubble.0219.38.obj,2801,VOF,bubble.0219.38.obj,tim2016_6k/bubble.0219.38.obj,tim2016_6k,0.0391009290141419,0.960899070985858,0.0391009290141419,0.03978106657611,0.2328366156965864,0.9952841687229228,0.9997724344500518,1.0002154023688523,5.032761512702701,0.9999999999999996,8.118517463142073,16.38030551441069,0.96021893342389,1.0047381757143066,5.033907056530408,8.116769091852259,0.129456,0.170164,0.192535,5.336983592,5.255093770093691,5.319396516349057,5.331544027306941,5.339998526751455,5.339998894001013,1.5343839922809632,0.3295321289221435,0.10192208012805513,0.05649136257369255,0.05649824379323435
3,False,VOF/bubble.0350.56.obj,952,VOF,bubble.0350.56.obj,tim2016_6k/bubble.0350.56.obj,tim2016_6k,0.0398386409162458,0.960161359083754,0.0398386409162458,0.0419996572694796,0.4951222075306881,0.9975169019897132,0.998322635378482,1.000228266597042,5.036628287837157,0.9999999999999996,8.137318779263055,24.88992544690505,0.9580003427305204,1.002489279134352,5.045090744564438,8.1354617250997,0.148309,0.152709,0.171878,5.326049726,5.255093770093691,5.297451511454072,5.318182144007862,5.333000128365373,5.333000296463881,1.3322435868355864,0.5369498224231987,0.14771889856249734,0.13049826274514978,0.13050141890247263
3,False,VOF/bubble.0277.69.obj,4805,VOF,bubble.0277.69.obj,tim2016_6k/bubble.0277.69.obj,tim2016_6k,0.0414454738596036,0.9585545261403964,0.0414454738596036,0.0420828571107544,0.3159137315103252,0.9971983988703246,0.9991999914679424,1.0001638534432502,5.045071229824955,0.9999999999999996,8.138025545642448,18.36957002821179,0.9579171428892456,1.0028094721500245,5.04911056135334,8.136692320589052,0.125574,0.172766,0.204032,5.342385933,5.255093770093691,5.33478885874971,5.3509278150029616,5.3402423414732665,5.340242808209365,1.633954641260648,0.14220377085381922,0.1598888981456418,0.040124235755649995,0.04011549928276106
4,False,VOF/bubble.0259.75.obj,4138,VOF,bubble.0259.75.obj,tim2016_6k/bubble.0259.75.obj,tim2016_6k,0.0419752488676272,0.9580247511323728,0.0419752488676272,0.042544162646564,0.520772182319874,0.997775575386064,0.9988968201348548,1.0002617478198328,5.047861087444083,0.9999999999999994,8.141946474512796,26.222122653879303,0.957455837353436,1.0022293837099336,5.053435936218722,8.139815895448322,0.136363,0.161207,0.182552,5.330400213,5.255093770093692,5.307888737187167,5.329459298599083,5.334501965128895,5.33450223263759,1.4127727730958557,0.4223224319617013,0.01765185283127452,0.07695017193815949,0.07695519048617873
4,False,VOF/bubble.0235.29.obj,3335,VOF,bubble.0235.29.obj,tim2016_6k/bubble.0235.29.obj,tim2016_6k,0.0426631775817809,0.957336822418219,0.0426631775817809,0.0457180482124911,0.2478885005741504,0.9993312628685996,0.9998277145400476,1.0000354863410694,5.05148840909911,0.9999999999999996,8.169026108939082,16.708121899415378,0.9542819517875089,1.0006691846400164,5.052358857068645,8.168736230379105,0.115309,0.190726,0.208925,5.350048102,5.255093770093691,5.346652324071209,5.360495085620293,5.346963402520537,5.346963680613628,1.7748313677929826,0.06347191397254054,0.19526896620589704,0.05765741579613007,0.05765221784115165
4,False,VOF/bubble.0241.8.obj,3546,VOF,bubble.0241.8.obj,tim2016_6k/bubble.0241.8.obj,tim2016_6k,0.0458114113983992,0.9541885886016008,0.0458114113983992,0.0522109079608822,0.4655409859709002,0.995472907495322,0.9972405055429332,1.000386969673194,5.068155205185079,0.9999999999999994,8.224988285811335,23.51231859600551,0.9477890920391178,1.0045476802739597,5.0821794512105125,8.221806695961135,0.131404,0.172993,0.181544,5.338898369,5.255093770093692,5.310035671932014,5.33215231188686,5.343366446403391,5.343366515300693,1.5696983368875106,0.5406114721264461,0.12635672468144882,0.08368912638110926,0.08369041685898174
4,False,VOF/bubble.0305.66.obj,5906,VOF,bubble.0305.66.obj,tim2016_6k/bubble.0305.66.obj,tim2016_6k,0.0478293267485032,0.9521706732514968,0.0478293267485032,0.0413359118218563,0.2207797900028839,0.9993301972332228,0.9999423261686629,1.0000152564393328,5.0788960402817205,0.9999999999999996,8.131684784663488,16.126854069154188,0.9586640881781436,1.000670251703222,5.079188976570085,8.131560726000592,0.145899,0.147919,0.212461,5.349673976,5.255093770093691,5.345777847487477,5.357127300239585,5.348604341706015,5.348604430595957,1.7679620539610512,0.07282927015744205,0.1393229619790448,0.01999438281254723,0.019992721217055084
4,True,VOF/bubble.0200.35.obj,2275,VOF,bubble.0200.35.obj,tim2016_6k/bubble.0200.35.obj,tim2016_6k,0.0522421443540854,0.9477578556459144,0.0522421443540854,0.0465164058958346,0.3182011444812125,0.99890787216689,0.9996391043191716,1.0000968592969035,5.102543685859086,1.0,8.175866084791666,18.431199337812465,0.9534835941041654,1.001093321880366,5.104385836660819,8.175074252847402,0.143064,0.15145,0.213713,5.354018825,5.255093770093691,5.34736903856686,5.364990307071022,5.351687404406603,5.351687493347785,1.8476785035642682,0.12420177534843471,0.2049204985942841,0.04354524460224355,0.04354358339811937
4,False,LBM/bubble.0086.94.obj,7673,LBM,bubble.0086.94.obj,lbm_exhale_3k/bubble.0086.94.obj,lbm_exhale_3k,0.0534186290065633,0.9465813709934366,0.0534186290065633,0.0611779652404259,0.2358540820222544,0.9995571789706768,0.9998582077868178,1.0000334768532129,5.108885522407918,0.9999999999999996,8.303548373188637,16.444988213265763,0.938822034759574,1.0004430172066583,5.109610025321906,8.303270405824074,0.1088020788507269,0.207699052023688,0.2178507894861004,5.369153036,5.255093770093691,5.3626276942670845,5.377145649039024,5.366032230789036,5.366032419918759,2.1243437305948594,0.12153391213033837,0.14886171031880727,0.058124720790033065,0.05812119826567643
4,False,VOF/bubble.0288.47.obj,5196,VOF,bubble.0288.47.obj,tim2016_6k/bubble.0288.47.obj,tim2016_6k,0.0550429122727528,0.9449570877272472,0.0550429122727528,0.1956476430418319,0.900859567210756,0.8802237344196258,0.8945418706664185,1.045347843880822,5.117667166961622,0.9999999999999994,9.691715467736149,126.75323539360734,0.8043523569581681,1.1360747965508429,5.720992314366511,9.271282783495252,0.124231,0.179233,0.191549,5.387427782,5.255093770093692,5.322537094598761,5.4277887682893455,5.389330586097448,5.389330655587411,2.456348692941184,1.2044836613503263,0.7491698807396826,0.035319343004577355,0.03532063285876991
4,False,VOF/bubble.0217.58.obj,2753,VOF,bubble.0217.58.obj,tim2016_6k/bubble.0217.58.obj,tim2016_6k,0.0568395432653728,0.9431604567346272,0.0568395432653728,0.055202380226946,0.4820176130740455,0.9943419195355856,0.9985348763005064,1.0002199871073638,5.127415836317323,0.9999999999999994,8.251030714190456,24.26022762846478,0.944797619773054,1.0056902765067537,5.134939157372246,8.24921599302613,0.139766,0.156509,0.196936,5.350270917,5.255093770093692,5.3207959858978775,5.3437496639627255,5.352794398312,5.35279442744944,1.7789220094236806,0.5509053945000832,0.1218864079677411,0.04716548659212665,0.04716603118959598
4,False,LBM/bubble.0043.16.obj,6191,LBM,bubble.0043.16.obj,lbm_exhale_3k/bubble.0043.16.obj,lbm_exhale_3k,0.0606694094269809,0.939330590573019,0.0606694094269809,0.0706719153797678,0.2803220305946401,0.994579939367858,0.998109693423486,1.0003176812738346,5.148321486154647,1.0,8.388376837473004,17.461102254863025,0.9293280846202322,1.0054495977825442,5.158071823244258,8.385712853531682,0.1112649430278741,0.2069017924624912,0.2181837740237672,5.377003819,5.255093770093691,5.3589859930350405,5.378813569621262,5.375574509122855,5.375574498333144,2.2672486948127455,0.33509044388794856,0.03365723146537068,0.02658190184083058,0.026582102504838077
4,False,LBM/bubble.0080.128.obj,7379,LBM,bubble.0080.128.obj,lbm_exhale_3k/bubble.0080.128.obj,lbm_exhale_3k,0.0607523957828761,0.9392476042171238,0.0607523957828761,0.0746134813319944,0.4572274073347003,0.9781546267409046,0.9901651125678532,1.0029144607977574,5.148776361351766,0.9999999999999994,8.424106059662906,23.15218340825145,0.9253865186680056,1.0223332514736254,5.199916959303022,8.399625679902993,0.1282966169897345,0.182669653742893,0.1879727761626982,5.361288573,5.255093770093692,5.316916991501774,5.346751433443538,5.363183848358134,5.363184247171353,1.980770135021568,0.8276290465259832,0.27115010428039094,0.03535111629093481,0.03535855504774604
5,False,LBM/bubble.0104.105.obj,8661,LBM,bubble.0104.105.obj,lbm_exhale_3k/bubble.0104.105.obj,lbm_exhale_3k,0.0615205386591083,0.9384794613408916,0.0615205386591083,0.0629907903808596,0.34180614176055,0.9766933616181352,0.993286147602641,1.0023237329041303,5.152990620742841,1.0,8.319613189938774,19.09220278653458,0.9370092096191404,1.023862800033013,5.187820884424806,8.300325450574285,0.1293192449585043,0.1742694716905733,0.2075078510615813,5.364123949,5.255093770093691,5.333656898309697,5.359256506402567,5.361294927427824,5.361295206266291,2.032581274089218,0.5679781261576218,0.09074068093336739,0.05273967565016366,0.05273447743942815
5,False,VOF/bubble.0249.35.obj,3779,VOF,bubble.0249.35.obj,tim2016_6k/bubble.0249.35.obj,tim2016_6k,0.0650924223429135,0.9349075776570864,0.0650924223429135,0.0767428349246539,0.3212248133077833,0.996512269137533,0.9987167586894596,1.0002508670506447,5.172678003283003,0.9999999999999996,8.443534991472632,18.51330287366155,0.923257165075346,1.0034999377032108,5.179324326219093,8.441417318006803,0.108946,0.209703,0.227334,5.386245759,5.255093770093691,5.371196341843231,5.3949369184268985,5.382646101919385,5.382646572361564,2.43494253278668,0.27940457658513973,0.16135838979080885,0.0668305391487273,0.06682180500996729
5,False,VOF/bubble.0236.27.obj,3369,VOF,bubble.0236.27.obj,tim2016_6k/bubble.0236.27.obj,tim2016_6k,0.072446483127798,0.927553516872202,0.072446483127798,0.1013748683520748,0.4337008802496664,0.9928822705780608,0.9961869910298714,1.0008560362529657,5.213689317201635,0.9999999999999996,8.674979037305345,22.19034106904379,0.8986251316479251,1.0071687546780292,5.2336452534997004,8.667559292326386,0.110249,0.211663,0.221299,5.40101107,5.255093770093691,5.363080499126825,5.395850974839156,5.401162216926579,5.401162367052689,2.7016663734834636,0.702286486392533,0.09553942945063623,0.0027984931824836575,0.002801272775189914
5,False,VOF/bubble.0287.72.obj,5171,VOF,bubble.0287.72.obj,tim2016_6k/bubble.0287.72.obj,tim2016_6k,0.0729073030240222,0.9270926969759776,0.0729073030240222,0.0618161291053995,0.2694423529401979,0.9995975005760434,0.9999270112945824,1.0000240965332918,5.216280829116178,0.9999999999999994,8.309196545884014,17.20106642498879,0.9381838708946004,1.000402661494976,5.216661586491978,8.308996327877377,0.14481,0.15516,0.23133,5.381956934,5.255093770093692,5.377531890289457,5.392803273374143,5.380766362265354,5.380766271285557,2.357193962383114,0.08221997620583499,0.2015315155277852,0.022121539604383077,0.02212323006378558
5,False,VOF/bubble.0256.17.obj,646,VOF,bubble.0256.17.obj,tim2016_6k/bubble.0256.17.obj,tim2016_6k,0.078870997943638,0.921129002056362,0.078870997943638,0.1872746233719429,0.6478883443323951,0.8935301280103609,0.918665483018836,1.0266955046069908,5.250052762700336,0.9999999999999996,9.591867565135884,35.688595966905126,0.8127253766280571,1.1191564432491123,5.714868861131132,9.342465728246818,0.136569,0.166317,0.204504,5.435522041,5.255093770093691,5.32663869224481,5.441527433247418,5.430293785042954,5.430293966322912,3.319428558017855,2.003181073204845,0.11048418536655852,0.09618682285912875,0.09618348776165718
5,True,VOF/bubble.0224.44.obj,558,VOF,bubble.0224.44.obj,tim2016_6k/bubble.0224.44.obj,tim2016_6k,0.0802365836081341,0.919763416391866,0.0802365836081341,0.0832848601626727,0.6015357765149061,0.9843093167999166,0.9949874963371196,1.0008273383180002,5.257847589786106,0.9999999999999996,8.503791244055204,31.537011038154755,0.9167151398373272,1.0159408053264138,5.284335340033914,8.496761547647925,0.130233,0.170602,0.209181,5.377794095,5.255093770093691,5.337184672905353,5.368572611749457,5.382750693746637,5.382750903517924,2.2816106890442227,0.7551315907093361,0.17147334181344925,0.09216787885660245,0.09217177955052538
5,False,VOF/bubble.0283.38.obj,5004,VOF,bubble.0283.38.obj,tim2016_6k/bubble.0283.38.obj,tim2016_6k,0.0803388211545277,0.9196611788454724,0.0803388211545277,0.0973673862495332,0.3508864287496259,0.993694807235156,0.9970452241101428,1.000413234902772,5.258432097917207,1.0,8.63646411694647,19.359278824124463,0.9026326137504668,1.0063452004769828,5.274015632149813,8.63289670271688,0.118014,0.197889,0.232445,5.405985692,5.255093770093691,5.369459091640604,5.396580189667131,5.409003785943742,5.409004006813195,2.7912009114194523,0.6756695714797939,0.17398311554518897,0.055828744574903846,0.05583283022116873
5,False,VOF/bubble.0201.58.obj,2320,VOF,bubble.0201.58.obj,tim2016_6k/bubble.0201.58.obj,tim2016_6k,0.0879942632999373,0.9120057367000628,0.0879942632999373,0.2210513571414892,0.5892683042484861,0.8867527613662656,0.9300048037229068,1.1081005605433047,5.302571757440431,0.9999999999999994,10.007789667408794,30.59508371119628,0.7789486428585107,1.127710049032436,5.701660611013706,9.031481459139364,0.138713,0.166713,0.210619,5.441727472,5.255093770093692,5.331927740646124,5.440873437363201,5.43658116570112,5.436581873764935,3.4296774850746843,2.017736682309839,0.01569418243000834,0.0945711876487804,0.09455817590169782
5,False,VOF/bubble.0295.65.obj,5491,VOF,bubble.0295.65.obj,tim2016_6k/bubble.0295.65.obj,tim2016_6k,0.0882352856750724,0.9117647143249276,0.0882352856750724,0.0990126599143268,0.311778403844834,0.997015183765112,0.999151020304128,1.000121737747545,5.303973477006042,0.9999999999999994,8.652234978906852,18.259192510904537,0.9009873400856732,1.0029937520345635,5.308480268970335,8.651181803520487,0.105159,0.224106,0.250783,5.420743571,5.255093770093692,5.403028676763855,5.4228184842659335,5.419659974728472,5.419659943660469,3.0558501566557066,0.3267982335655361,0.038277281313100014,0.019989808728911256,0.019990381860675824
5,False,LBM/bubble.0089.63.obj,7820,LBM,bubble.0089.63.obj,lbm_exhale_3k/bubble.0089.63.obj,lbm_exhale_3k,0.0895651115545955,0.9104348884454044,0.0895651115545955,0.1046164811854041,0.4793783407502245,0.9441004021711628,0.9825649443496618,1.0044001975090733,5.311720720969937,1.0,8.706385605312562,24.137241298157903,0.8953835188145959,1.0592093782613416,5.405974181671675,8.668243621321981,0.1481908867691362,0.1700341302276065,0.1916080285451373,5.397029331,5.255093770093691,5.304625415792239,5.3550281077557065,5.400741787022653,5.400741826480755,2.6298830745841117,1.7121254960947172,0.7782285525676575,0.06878702699148953,0.06878775809927595
6,False,VOF/bubble.0187.10.obj,1848,VOF,bubble.0187.10.obj,tim2016_6k/bubble.0187.10.obj,tim2016_6k,0.0925828987309353,0.9074171012690646,0.0925828987309353,0.0813406996605627,0.397041222066013,0.9733167449511828,0.99960918670523,1.001595684730053,5.3293858527529085,0.9999999999999996,8.485794653753697,20.841176999557607,0.9186593003394372,1.027414770358395,5.331469461899278,8.472275572993073,0.124947,0.184847,0.225375,5.396792116,5.255093770093691,5.357772697109684,5.388515182169123,5.399368052889763,5.399368554964759,2.6256031890910374,0.7230113380619959,0.15336766088021428,0.04773088965434649,0.047740192866067406
6,False,VOF/bubble.0234.18.obj,3304,VOF,bubble.0234.18.obj,tim2016_6k/bubble.0234.18.obj,tim2016_6k,0.0933951395434691,0.9066048604565308,0.0933951395434691,0.2047569019427894,0.6199056334377284,0.8765251020114009,0.9264715725601728,1.0743104440297977,5.334160529002897,0.9999999999999996,9.802731012046692,33.061186168094395,0.7952430980572106,1.1408686387934075,5.757500485700497,9.124672543697994,0.123031,0.188212,0.214724,5.448063312,5.255093770093691,5.3431742678244,5.456274782896993,5.437607838739832,5.437608121547298,3.5419842034741347,1.925253767601592,0.15072275094355034,0.19191174296999924,0.1919065519975518
6,False,VOF/bubble.0267.2.obj,675,VOF,bubble.0267.2.obj,tim2016_6k/bubble.0267.2.obj,tim2016_6k,0.1033070067377847,0.8966929932622153,0.1033070067377847,0.27394513748646,0.7911181248259969,0.800382520422303,0.8553345406017173,1.080126002845331,5.39312328565865,1.0,10.736866567429855,60.16017715223552,0.72605486251354,1.249402597488478,6.305279431209049,9.940383380407631,0.128736,0.183342,0.21925,5.516407014,5.255093770093691,5.34402331121881,5.523678512068993,5.498573170644665,5.498573497590476,4.7370189190740835,3.124927191624924,0.13181583683978185,0.32328730113777154,0.3232813743486489
6,False,LBM/bubble.0069.121.obj,6903,LBM,bubble.0069.121.obj,lbm_exhale_3k/bubble.0069.121.obj,lbm_exhale_3k,0.1058010544930754,0.8941989455069246,0.1058010544930754,0.1157769775033639,0.3864656856506053,0.973608931980622,0.9884880086593916,1.0031205386596609,5.40816547184349,1.0,8.816275963308978,20.481936088097743,0.8842230224966361,1.0271064358106188,5.471149295152461,8.788850017056792,0.1043704088186045,0.2348374885149271,0.2673088085515052,5.444345376,5.255093770093691,5.424668597227436,5.457482088048141,5.437837311113704,5.437837533160534,3.476113156607896,0.3614167987818016,0.24129093841199958,0.11953806081049985,0.11953398232511059
6,False,LBM/bubble.0034.14.obj,6088,LBM,bubble.0034.14.obj,lbm_exhale_3k/bubble.0034.14.obj,lbm_exhale_3k,0.1159490888025696,0.8840509111974304,0.1159490888025696,0.128967922442546,0.4385467597888033,0.9873101430571574,0.993101778687572,1.0013868053001476,5.470245888326915,0.9999999999999996,8.949790002340421,22.381864978875527,0.8710320775574539,1.0128529591558215,5.508242967358379,8.93739557478779,0.107970449076027,0.230005436977909,0.2708233210926463,5.458887713,5.255093770093691,5.430247574075593,5.461353784816008,5.458267952149182,5.458268114029371,3.7332503180270047,0.5246515486332978,0.04517535339909349,0.011353244166249329,0.011350278723511464
6,True,VOF/bubble.0231.16.obj,3188,VOF,bubble.0231.16.obj,tim2016_6k/bubble.0231.16.obj,tim2016_6k,0.1220073230388164,0.8779926769611835,0.1220073230388164,0.169221433874622,0.4071413222553206,0.976345610725548,0.9884355540332116,1.0010691824725035,5.507991113077595,0.9999999999999992,9.383431996565292,21.196232906910417,0.8307785661253779,1.024227475408911,5.572433215906482,9.373410110767272,0.101085,0.258607,0.27916,5.501197014,5.255093770093692,5.431193979724615,5.464586823350628,5.504424483270912,5.504424543992106,4.473630798533465,1.272505494662966,0.6654949923844234,0.058668490924776474,0.058669594706248974
6,False,VOF/bubble.0334.49.obj,891,VOF,bubble.0334.49.obj,tim2016_6k/bubble.0334.49.obj,tim2016_6k,0.1246367916087138,0.8753632083912861,0.1246367916087138,0.0993802122815127,0.4527068098379362,0.9194020830801544,0.9964504295411012,1.0039228825780253,5.524536347531449,0.9999999999999996,8.655766046613019,22.960948245378376,0.9006197877184873,1.0876634047312883,5.544215932623647,8.621943175939402,0.15417,0.1623,0.242714,5.433087536,5.255093770093691,5.374182608842528,5.44039484965109,5.426499101175722,5.426498999315017,3.2761070887761554,1.0841888110059827,0.13449651975366114,0.12126502252399235,0.1212668973457044
6,False,VOF/bubble.0223.18.obj,2909,VOF,bubble.0223.18.obj,tim2016_6k/bubble.0223.18.obj,tim2016_6k,0.1306966924694577,0.8693033075305423,0.1306966924694577,0.2875911504197775,0.799639317684238,0.8409049817835943,0.8825491550332094,1.020972248564174,5.563047810996046,0.9999999999999996,10.94252855510559,62.71874536020483,0.7124088495802224,1.1891950002234,6.30338579927224,10.717753171542531,0.124929,0.200959,0.233524,5.565343139,5.255093770093691,5.357365755914664,5.534104955818665,5.584989992396721,5.584990137229496,5.574667386314231,3.73700916351236,0.5612984213395343,0.35302142035127854,0.35302402275640415
6,False,LBM/bubble.0053.87.obj,6400,LBM,bubble.0053.87.obj,lbm_exhale_3k/bubble.0053.87.obj,lbm_exhale_3k,0.1318863147728074,0.8681136852271926,0.1318863147728074,0.1770640872970476,0.4184405859763916,0.9032219213546188,0.9570672875757412,1.0083578912545854,5.570671150960823,0.9999999999999996,9.472856949257237,21.60805983247146,0.8229359127029524,1.107147619380447,5.820563740164369,9.394340076489344,0.0997274732554994,0.2817158616839964,0.2987861123807354,5.516655835,5.255093770093691,5.448235210239443,5.513536590824573,5.51493401607344,5.514933892007996,4.7413156218093,1.240255451979936,0.05654230150877818,0.03121128049417648,0.031213529419013605
6,False,VOF/bubble.0256.36.obj,648,VOF,bubble.0256.36.obj,tim2016_6k/bubble.0256.36.obj,tim2016_6k,0.1345522769138368,0.8654477230861631,0.1345522769138368,0.2116739825361653,0.8385949844311147,0.9051369576901652,0.9372879239578238,1.0629391529726802,5.587831284372033,0.9999999999999996,9.88874400533043,77.85613458211293,0.7883260174638347,1.1048051805904786,5.961701993104389,9.303207975428291,0.13707,0.18914,0.269071,5.477784802,5.255093770093691,5.433147678097108,5.517282142662937,5.473290578956353,5.473290578165306,4.065348310598161,0.8148754563449571,0.7210458623441348,0.08204453453532677,0.08204454897631648
7,False,VOF/bubble.0020.3.obj,2,VOF,bubble.0020.3.obj,tim2016_6k/bubble.0020.3.obj,tim2016_6k,0.1420103372591918,0.8579896627408081,0.1420103372591918,0.2748487786911718,0.6658821194610738,0.7956981572749566,0.8821155787730495,1.0569452095106902,5.636403411436341,0.9999999999999996,10.750246225016738,37.61058999323784,0.7251512213088281,1.2567579689071036,6.389642748715668,10.171053455073167,0.124715,0.22282,0.250238,5.570797204,5.255093770093691,5.366805854383644,5.576138643796201,5.574359583217391,5.574359893903361,5.667114101364605,3.6617981618480697,0.09588286201417485,0.0639473864680164,0.06395296351487174
7,False,LBM/bubble.0039.30.obj,6139,LBM,bubble.0039.30.obj,lbm_exhale_3k/bubble.0039.30.obj,lbm_exhale_3k,0.1440712222909734,0.8559287777090265,0.1440712222909734,0.1498858201628303,0.5291974185183261,0.9390187256313351,0.9805384055539929,1.0053938069855457,5.649974610029293,0.9999999999999996,9.17000841102858,26.69138001497624,0.8501141798371696,1.0649414891355489,5.762114546484412,9.120812508804736,0.1098626768656283,0.2389397049684273,0.2661345096827436,5.485338539,5.255093770093691,5.405783278555584,5.458519542912612,5.486949375405975,5.48694925197008,4.197457773468322,1.450325442610123,0.4889214384255188,0.029366216770801132,0.029363966483175
7,False,VOF/bubble.0108.32.obj,201,VOF,bubble.0108.32.obj,tim2016_6k/bubble.0108.32.obj,tim2016_6k,0.147067878301918,0.852932121698082,0.147067878301918,0.4227432777458435,0.8832302492750376,0.6110187616976778,0.7143371132574363,1.130329262467442,5.66982499430503,0.999999999999999,13.50448401709431,107.61666044794256,0.5772567222541565,1.6366109564648408,7.937183843703933,11.947389548789369,0.146902,0.215186,0.258589,5.746324936,5.255093770093693,5.350685715896437,5.677453591716523,5.713281545209751,5.713281650802185,8.548614486257213,6.8850826312472035,1.1985285386840325,0.5750351948118292,0.575033357247218
7,False,VOF/bubble.0167.35.obj,1182,VOF,bubble.0167.35.obj,tim2016_6k/bubble.0167.35.obj,tim2016_6k,0.1626580497890934,0.8373419502109065,0.1626580497890934,0.2078326588157779,0.4013865804418978,0.9380348318791067,0.9749732331649829,1.0035404217838109,5.775389446129314,0.9999999999999994,9.840792183868402,20.992463923771865,0.792167341184222,1.0660584937946938,5.923638977637466,9.806074543939364,0.075521,0.390502,0.395338,5.591674577,5.255093770093692,5.595419405666282,5.618742232976556,5.584873481641427,5.584873501639531,6.019320371231032,0.06697150584701424,0.48407065904537094,0.1216289550637931,0.12162859742310171
7,False,LBM/bubble.0082.66.obj,7468,LBM,bubble.0082.66.obj,lbm_exhale_3k/bubble.0082.66.obj,lbm_exhale_3k,0.1735887872642164,0.8264112127357836,0.1735887872642164,0.1893701980205654,0.6685270304836426,0.827277281141777,0.9599344839457647,1.0332013573657357,5.851779099221325,0.9999999999999994,9.616663685946346,37.910694898273,0.8106298019794346,1.2087845548228244,6.096019256614126,9.307637487493365,0.1416672559068192,0.1983651636463613,0.2136484914226392,5.491378471,5.255093770093692,5.319791395268038,5.457551491511482,5.50733934363947,5.507339835238034,4.3028303759088615,3.124663081193803,0.6160016044634088,0.29065329814288393,0.29066225033161247
7,True,VOF/bubble.0301.46.obj,5726,VOF,bubble.0301.46.obj,tim2016_6k/bubble.0301.46.obj,tim2016_6k,0.1811078121950743,0.8188921878049257,0.1811078121950743,0.3176575766631413,0.7989559550371916,0.8311722831609131,0.8697214069250353,1.0260324570626207,5.905509826650611,0.9999999999999996,11.424695157189426,62.50555999648662,0.6823424233368587,1.2031200032285023,6.790116673717369,11.134828219661433,0.109231,0.264239,0.309578,5.659279877,5.255093770093691,5.4662321977577415,5.667799830362738,5.674397653930249,5.67439830841231,7.142005974098773,3.4111703863035303,0.1505483656562725,0.2671325196636687,0.2671440844223442
7,False,VOF/bubble.0255.41.obj,3985,VOF,bubble.0255.41.obj,tim2016_6k/bubble.0255.41.obj,tim2016_6k,0.1908885315595436,0.8091114684404563,0.1908885315595436,0.1977633196830858,0.6722838870165797,0.937180668419898,0.9690848244520556,1.0139027452933502,5.976896942729829,0.9999999999999996,9.717274678043848,38.34529373596875,0.8022366803169142,1.0670301188414568,6.167568402600169,9.584030345269822,0.121347,0.244954,0.321324,5.558673351,5.255093770093691,5.524359322080073,5.582026811423716,5.557195711945703,5.557195711142532,5.461367519494487,0.6173060864199551,0.4201265112927362,0.026582584746253534,0.026582599195236246
7,False,VOF/bubble.0350.23.obj,950,VOF,bubble.0350.23.obj,tim2016_6k/bubble.0350.23.obj,tim2016_6k,0.1984956741529636,0.8015043258470363,0.1984956741529636,0.4073122854289795,0.776257450763725,0.6479079666475672,0.7694319534906138,1.131885501017539,6.033624156599164,0.9999999999999992,13.152886398335124,56.1644204790432,0.5926877145710204,1.5434290848038827,7.841660499316355,11.620332963458743,0.106455,0.408034,0.414511,5.80149468,5.255093770093692,5.511403725770927,5.877672109245864,5.779701128836464,5.779701364842849,9.418278220437976,5.000279587071392,1.3130655709894423,0.37565407477949925,0.375650006752254
7,False,VOF/bubble.0131.29.obj,279,VOF,bubble.0131.29.obj,tim2016_6k/bubble.0131.29.obj,tim2016_6k,0.2016164629649496,0.7983835370350504,0.2016164629649496,0.3252261251480328,0.7527037214516614,0.8182890455545835,0.8899160215954027,1.0232784007670357,6.057208894873666,0.9999999999999994,11.552839358446866,50.81504132664432,0.6747738748519672,1.222062064050074,6.806494936471157,11.29002561745368,0.112409,0.285974,0.327658,5.701361803,5.255093770093692,5.464187576052426,5.651145270884213,5.7102644933150986,5.710264939210074,7.8273936706049065,4.159957482838141,0.8807813615575733,0.15615024309479666,0.1561580639451579
7,False,VOF/bubble.0258.38.obj,4085,VOF,bubble.0258.38.obj,tim2016_6k/bubble.0258.38.obj,tim2016_6k,0.2026034661191119,0.797396533880888,0.2026034661191119,0.2685626905349044,0.7001807872473531,0.7786941262114104,0.9018477136724118,1.0521855902394344,6.064706399603921,0.9999999999999996,10.657856905251991,41.91315993056963,0.7314373094650956,1.2842012882071054,6.724756638687751,10.129255716975464,0.0964318,0.332814,0.358911,5.622331024,5.255093770093691,5.511678225491742,5.700065202759587,5.611997979328013,5.611998208486463,6.531761512061221,1.9680946930359644,1.3825969767301822,0.18378577547068217,0.18378169960875637
8,False,LBM/bubble.0075.150.obj,7155,LBM,bubble.0075.150.obj,lbm_exhale_3k/bubble.0075.150.obj,lbm_exhale_3k,0.2037820011353006,0.7962179988646994,0.2037820011353006,0.2420772476218571,0.6097419370467364,0.792777997791731,0.9216984833281804,1.0230978746938122,6.073683173383248,0.9999999999999996,10.285420453445036,32.2001562741936,0.7579227523781429,1.2613871762151343,6.589663846957476,10.05321260834718,0.1055387026482248,0.3222500232887736,0.360868109380683,5.617730486,5.255093770093691,5.50392379187777,5.648521235442678,5.6182767305703525,5.618276959985186,6.455217401583075,2.0258482389970283,0.5480994419260973,0.009723580932080159,0.009727664695699086
8,False,VOF/bubble.0346.33.obj,934,VOF,bubble.0346.33.obj,tim2016_6k/bubble.0346.33.obj,tim2016_6k,0.2137672695589645,0.7862327304410355,0.2137672695589645,0.3740552776150747,0.6449643460286429,0.7138517655107591,0.8305428658807643,1.0788625703918828,6.150819820661344,1.0,12.454061677746084,35.39467226402276,0.6259447223849253,1.4008510566398928,7.405782498822134,11.543696129176404,0.0996434,0.391335,0.412591,5.789762063,5.255093770093691,5.53477087991371,5.7768708264961655,5.796626888385187,5.796627600153344,9.234719615217973,4.404173786619571,0.22265572166112946,0.11856835065911377,0.11858064422402294
8,False,VOF/bubble.0235.72.obj,3358,VOF,bubble.0235.72.obj,tim2016_6k/bubble.0235.72.obj,tim2016_6k,0.2245347741610315,0.7754652258389685,0.2245347741610315,0.2922447704911862,0.72865165412002,0.8012831030058876,0.9098053464574708,1.0227724735837058,6.236225301808227,0.9999999999999994,11.01447768157314,46.31084288944734,0.7077552295088138,1.2479983619380677,6.854461040584512,10.769235549505323,0.0851935,0.401408,0.424018,5.690989039,5.255093770093692,5.594150909375694,5.755699936552563,5.684553344813748,5.684553831054253,7.659393928175644,1.7016045710276397,1.1370764749168172,0.11308568936168953,0.11307714531949552
8,False,VOF/bubble.0354.30.obj,970,VOF,bubble.0354.30.obj,tim2016_6k/bubble.0354.30.obj,tim2016_6k,0.2431468778031197,0.7568531221968803,0.2431468778031197,0.2448744586666978,0.8081601417658282,0.7259620579698054,0.934252693774946,1.0310840368309513,6.389583025055453,0.9999999999999994,10.323520729648653,65.50448238457237,0.7551255413333021,1.3774824579628264,6.839244957633113,10.012298087145364,0.158095,0.204213,0.288592,5.615426215,5.255093770093692,5.401952278842837,5.618154687991119,5.603831395108996,5.603832124955588,6.416831619010203,3.8015624813469815,0.048588885093534394,0.20648156430285364,0.20646856713106101
8,True,VOF/bubble.0307.28.obj,5977,VOF,bubble.0307.28.obj,tim2016_6k/bubble.0307.28.obj,tim2016_6k,0.2458602807130734,0.7541397192869266,0.2458602807130734,0.4242331682813128,0.7286342046437606,0.6387108029967168,0.7748767152921601,1.0771621477892377,6.412572814255217,0.9999999999999996,13.539429070916544,46.30786499036287,0.5757668317186871,1.5656538065556094,8.27560396086675,12.56953662798568,0.110387,0.405335,0.440481,5.901186245,5.255093770093691,5.537601652710237,5.86388152801546,5.908190041413228,5.908191515210954,10.948518621213408,6.161211952898844,0.6321562383520395,0.11868455124869395,0.11870952584982222
8,False,LBM/bubble.0056.53.obj,6467,LBM,bubble.0056.53.obj,lbm_exhale_3k/bubble.0056.53.obj,lbm_exhale_3k,0.2491844456984765,0.7508155543015235,0.2491844456984765,0.3407499719779087,0.6288333367285491,0.7425271884222238,0.8715200710600686,1.088155932741107,6.440963875006917,0.9999999999999996,11.824882590949668,33.85640968830442,0.6592500280220913,1.3467520322385405,7.390494021752691,10.86690081371181,0.115496426771482,0.3767160371840108,0.4414542504874166,5.759171673,5.255093770093691,5.593543123731938,5.744130328206068,5.759947741134983,5.759948190909551,8.752611165760424,2.875909222233425,0.2611720165323183,0.013475342966792281,0.013483152676128101
8,False,LBM/bubble.0089.56.obj,7818,LBM,bubble.0089.56.obj,lbm_exhale_3k/bubble.0089.56.obj,lbm_exhale_3k,0.2649806803251509,0.7350193196748491,0.2649806803251509,0.3701270684190216,0.6052939280015526,0.6254244892637342,0.834860551237119,1.090118377928933,6.579386055034171,0.9999999999999994,12.376391790443666,31.83728730276184,0.6298729315809783,1.5989140450467894,7.88082039004557,11.353254876738266,0.0881816765895121,0.6266257748328816,0.6417196478354755,5.842131639,5.255093770093692,5.706313145111992,5.88756852777536,5.833551429189592,5.833553058222148,10.048350588121819,2.3248105705344138,0.7777450352545959,0.14686779313785203,0.14683990892269527
8,False,VOF/bubble.0170.38.obj,1298,VOF,bubble.0170.38.obj,tim2016_6k/bubble.0170.38.obj,tim2016_6k,0.2777126160363606,0.7222873839636393,0.2777126160363606,0.3149589594455653,0.7935891485094084,0.8724063392866509,0.9393664674253792,1.0604610858762011,6.695362496173482,0.9999999999999994,11.3796892710723,60.88037776895639,0.6850410405544347,1.1462548527761494,7.127529806896523,10.73088812275453,0.12872,0.299846,0.394371,5.721980268,5.255093770093692,5.639093698056338,5.727735882181766,5.739979943336469,5.739980690915136,8.15952652820836,1.4485644140928429,0.1005878019879537,0.31457073414132,0.31458379917530316
8,False,LBM/bubble.0077.131.obj,7239,LBM,bubble.0077.131.obj,lbm_exhale_3k/bubble.0077.131.obj,lbm_exhale_3k,0.2838654040719477,0.7161345959280523,0.2838654040719477,0.4080292761339165,0.6979023835958265,0.6152733362035262,0.8333827309364127,1.116115450257452,6.752886803049051,1.0000000000000002,13.168817080226132,41.59705317749592,0.5919707238660835,1.6252938997330617,8.102983842083354,11.798794718941046,0.1279529012319857,0.4983732735765493,0.5461005930856554,5.884058856,5.255093770093691,5.567052955305558,5.819273915706878,5.861280675167732,5.86128213726392,10.689306502516562,5.387537896076452,1.1010246817477107,0.3871168081373116,0.38709195970829513
8,False,VOF/bubble.0246.38.obj,620,VOF,bubble.0246.38.obj,tim2016_6k/bubble.0246.38.obj,tim2016_6k,0.2925744069472584,0.7074255930527416,0.2925744069472584,0.4647157978353867,0.7080550035535964,0.4826688764827049,0.6966694277371626,1.0926761885816738,6.836020508080295,0.9999999999999996,14.563392956334958,43.0436238583255,0.5352842021646133,2.0718137189353905,9.812430739618115,13.328187351861924,0.116247,0.870626,0.900373,6.076203667,5.255093770093691,5.737831115995656,6.082765500196239,6.04817111257772,6.048173162042514,13.513534797488367,5.568815160723678,0.10799231816203039,0.46134981574967104,0.4613160863866386
9,False,LBM/bubble.0094.66.obj,8079,LBM,bubble.0094.66.obj,lbm_exhale_3k/bubble.0094.66.obj,lbm_exhale_3k,0.2961753981382679,0.7038246018617321,0.2961753981382679,0.3351568127569017,0.7273570960763656,0.7156775043176067,0.9816006427817938,1.1708736724695918,6.870995769766292,0.9999999999999994,11.725402815312416,46.09095059330404,0.6648431872430983,1.397277396546776,6.999787357814199,10.014233893039329,0.1599486678686626,0.2495681424055566,0.3405141365637679,5.674406277,5.255093770093692,5.444734036242853,5.674169313899972,5.677286791885977,5.677287277504922,7.389539741028093,4.0475113967090275,0.004175998130214564,0.0507632824539246,0.05077184051130278
9,False,LBM/bubble.0101.219.obj,8502,LBM,bubble.0101.219.obj,lbm_exhale_3k/bubble.0101.219.obj,lbm_exhale_3k,0.3173832637354314,0.6826167362645685,0.3173832637354314,0.407840813851426,0.673478165734136,0.6473727869867673,0.8460112906537988,1.079697375520828,7.084467176285404,0.9999999999999996,13.164625934698556,38.485544596467165,0.592159186148574,1.5447050294692728,8.37396291816687,12.19288500015864,0.0831380648411492,0.7011929996928782,0.7289364994984131,5.959001451,5.255093770093691,5.797010078213888,5.9444601975390485,5.943035358605032,5.943037372443845,11.812510647873465,2.7184315043072766,0.2440216465883061,0.2679323461532049,0.26789855124931705
9,False,LBM/bubble.0078.74.obj,7262,LBM,bubble.0078.74.obj,lbm_exhale_3k/bubble.0078.74.obj,lbm_exhale_3k,0.378830831180713,0.621169168819287,0.378830831180713,0.5295426834154211,0.7674406649133636,0.4473836858479317,0.7203879731284639,1.2193525551054183,7.785279928238531,0.9999999999999996,16.570162487928954,54.035115854101335,0.4704573165845789,2.235217849092301,10.807065385099389,13.589312146474644,0.181286475332335,0.8668304052153926,0.9998033179367792,6.212623987,5.255093770093691,5.833750526898972,6.2435243927142405,6.172454754132439,6.172456109897456,15.412653637335112,6.098445051460153,0.49738090988445977,0.6465743452624065,0.6465525225185944
9,False,VOF/bubble.0236.19.obj,3365,VOF,bubble.0236.19.obj,tim2016_6k/bubble.0236.19.obj,tim2016_6k,0.4128389290645697,0.5871610709354302,0.4128389290645697,0.5988718830523456,0.8382826733297915,0.5250214039757211,0.7075291183730175,1.0476384049249483,8.236199743870998,1.0000000000000009,19.43407567328121,77.70577756325312,0.4011281169476543,1.904684251780037,11.640792626048189,18.550365834167227,0.0653204,2.09433,2.12322,6.617010219,5.255093770093689,6.41883813428879,6.663174236177722,6.523767468345775,6.52376938733447,20.582051467832425,2.994888600023334,0.6976567309079812,1.409137171746977,1.4091081709047304
9,False,LBM/bubble.0054.28.obj,6410,LBM,bubble.0054.28.obj,lbm_exhale_3k/bubble.0054.28.obj,lbm_exhale_3k,0.4143241606020239,0.5856758393979761,0.4143241606020239,0.5545733352843808,0.9124999930537694,0.5415878100665213,0.99504711257587,1.573815338421599,8.25708615028472,0.9999999999999996,17.501319065437055,143.61565276310557,0.4454266647156192,1.8464226509772683,8.298186132021097,11.12031293518169,0.1475980903107845,0.3819062566328937,0.4351521568336499,5.863388807,5.255093770093691,5.465165550616399,5.885746215501143,5.832342230416601,5.832342164392159,10.374461884228056,6.791691110577249,0.38130523553976453,0.5294988547635421,0.5294999808093168
9,True,VOF/bubble.0044.15.obj,46,VOF,bubble.0044.15.obj,tim2016_6k/bubble.0044.15.obj,tim2016_6k,0.4459967552659762,0.5540032447340237,0.4459967552659762,0.6080825843187765,0.858187304844902,0.3877951751715802,0.6977160703190948,1.2753339732771167,8.729147181026264,0.9999999999999996,19.89080828646367,88.61245180211522,0.3919174156812235,2.578680870791002,12.51103070771189,15.596548592955584,0.142948,0.788687,0.888912,6.397758196,5.255093770093691,5.846173620251496,6.320519921207256,6.362549598474172,6.3625510908024685,17.860387824921624,8.621528961400342,1.207270928761178,0.550327105951596,0.5503037801513583
9,False,LBM/bubble.0095.191.obj,8166,LBM,bubble.0095.191.obj,lbm_exhale_3k/bubble.0095.191.obj,lbm_exhale_3k,0.4991829477256927,0.5008170522743073,0.4991829477256927,0.6587899189232604,0.9454843899160172,0.3952553411387587,0.8854130329230095,1.7343719667041886,9.656172528647543,0.9999999999999996,22.84678739514808,230.5095842273494,0.3412100810767395,2.530010086945134,10.905839613371931,13.172945500591563,0.1492325774115228,0.5129188543592504,0.5749719797188793,6.136349361,5.255093770093691,5.547483121380496,6.158543321812543,6.144475753851077,6.144472983278984,14.361235631517186,9.596361044273081,0.36168020278633856,0.13243041380148138,0.13238526363271416
9,False,LBM/bubble.0081.91.obj,7423,LBM,bubble.0081.91.obj,lbm_exhale_3k/bubble.0081.91.obj,lbm_exhale_3k,0.5128456431452204,0.4871543568547795,0.5128456431452204,0.6801028081087743,0.9104969549204648,0.2424521877543623,0.6275017646887857,1.5103686262398328,9.926988836294054,0.9999999999999996,24.368935948935185,140.40159866284236,0.3198971918912257,4.124524547549713,15.819858038514711,16.134429387349854,0.2864511302644742,0.651438285885455,0.8331579145292498,6.562285616,5.255093770093691,5.552206469047997,6.426097846312177,6.576021221816733,6.576020118474942,19.919764582010067,15.392185071756906,2.0753100010729923,0.2093113073780798,0.2092944940015243
9,False,LBM/bubble.0106.24.obj,8774,LBM,bubble.0106.24.obj,lbm_exhale_3k/bubble.0106.24.obj,lbm_exhale_3k,0.5866222990565776,0.4133777009434224,0.5866222990565776,0.8112291737223083,0.963567881393334,0.2252563661666628,0.6776618795164844,2.522537975304606,11.698685853186092,0.9999999999999994,41.29639273800623,344.9256067161549,0.1887708262776917,4.4393861848065095,17.26330815824135,16.370969690959573,0.2336725527793014,1.4597896792614302,1.6312598394971758,6.82598618,5.255093770093692,5.922710664531594,7.145508716594845,6.809002769076491,6.8089961476969965,23.01341327805483,13.232893997280353,4.6809725095992665,0.24880523452084094,0.24890223705380643
9,False,LBM/bubble.0061.3.obj,6590,LBM,bubble.0061.3.obj,lbm_exhale_3k/bubble.0061.3.obj,lbm_exhale_3k,0.5986920913080976,0.4013079086919023,0.5986920913080976,0.7155866595027203,0.9367721387905572,0.3196753350043374,1.049333308744897,2.180682383981997,12.050537149423956,0.9999999999999994,27.40924235765962,198.74736190637503,0.2844133404972797,3.1281737766425777,11.48399374059473,12.569112567236616,0.2674076704659849,0.5382031560461307,0.6624169136905731,6.319425696,5.255093770093692,5.44607983051012,6.302456841039882,6.390717056500446,6.390714746271428,16.842225498117596,13.820019531880565,0.26851894106230073,1.1281303702260659,1.1280938126474345
