frame_name,n_vertices,n_triangles,t_feat_s,t_infer_cpu_s,t_infer_gpu_s,t_nn8_total_cpu_s,t_nn8_total_gpu_s,t_bem_assemble_s,t_bem_solve_s,t_bem_total_s
bub_0001.obj,492,980,0.02711500000441447,0.0002551150001818314,0.00041893200017511844,0.0273701150045963,0.027533932004589586,0.6457590999780223,0.011489399999845773,0.657248499977868
bub_0002.obj,492,980,0.007397400040645152,0.00024361399991903454,0.00042050399992149323,0.007641014040564187,0.007817904040566646,0.6821326999925077,0.012195300019811839,0.6943280000123195
bub_0003.obj,492,980,0.007124699943233281,0.00018203699961304664,0.00029377900005783886,0.007306736942846328,0.007418478943291121,0.6831545999739319,0.012722000014036894,0.6958765999879688
bub_0004.obj,492,980,0.007564300030935556,0.0002776570001151413,0.0002953890000935644,0.007841957031050697,0.00785968903102912,0.652816999994684,0.012049200013279915,0.6648662000079639
bub_0005.obj,492,980,0.007305300037842244,0.00012730499962344767,0.0002969309996115044,0.007432605037465691,0.0076022310374537485,0.6883097999962047,0.011928099964279681,0.7002378999604844
bub_0006.obj,492,980,0.007236799981910735,0.0002618049999000505,0.0003581940004369244,0.007498604981810786,0.007594993982347659,0.6913494999753311,0.011073899979237467,0.7024233999545686
bub_0007.obj,492,980,0.007304499973542988,0.00013092299981508403,0.00029858499998226763,0.007435422973358073,0.007603084973525256,0.6870010000420734,0.011423799965996295,0.6984248000080697
bub_0008.obj,492,980,0.007224700006190687,0.00014746700006071478,0.00029878999979700895,0.007372167006251402,0.007523490005987696,0.6877816999913193,0.011750300007406622,0.699531999998726
bub_0009.obj,492,980,0.0072678999858908355,0.00014334900013636797,0.0003618409996852279,0.007411248986027203,0.007629740985576064,0.6885213000350632,0.011470199970062822,0.699991500005126
bub_0010.obj,492,980,0.00744199997279793,0.00013560599996708333,0.0003637299995170906,0.007577605972765014,0.007805729972315021,0.6899034000234678,0.010221200005616993,0.7001246000290848
bub_0011.obj,492,980,0.007312299974728376,0.000134101000148803,0.0002970150002511218,0.007446400974877179,0.007609314974979497,0.6809181999997236,0.01143950002733618,0.6923577000270598
bub_0012.obj,492,980,0.00721239997074008,0.00014717600017320366,0.00029795599984936414,0.007359575970913284,0.007510355970589444,0.6911198999732733,0.011803800007328391,0.7029236999806017
bub_0013.obj,492,980,0.007407400000374764,0.00013590500049758702,0.0002964660001453012,0.007543305000872351,0.007703866000520065,0.694357400003355,0.011139899957925081,0.7054972999612801
bub_0014.obj,492,980,0.007229599985294044,0.00012592900020536035,0.00029694899974856524,0.007355528985499404,0.007526548985042609,0.6761586000211537,0.011506199953146279,0.6876647999743
bub_0015.obj,492,980,0.007562099955976009,0.00031328799959737805,0.000509641999960877,0.007875387955573387,0.008071741955936886,0.6968197000096552,0.011311299982480705,0.7081309999921359
bub_0016.obj,492,980,0.007448400021530688,0.0002652519999537617,0.0003477520000888035,0.007713652021484449,0.0077961520216194916,0.7189106000005268,0.010924400005023926,0.7298350000055507
bub_0017.obj,492,980,0.007345999998506159,0.00014692700002342463,0.0003027669998118654,0.007492926998529583,0.007648766998318024,0.6976006000186317,0.011211099976208061,0.7088116999948397
bub_0018.obj,492,980,0.007274499977938831,0.00010611500008963049,0.00029530700005125254,0.007380614978028461,0.007569806977990083,0.6783517000149004,0.01138169999467209,0.6897334000095725
bub_0019.obj,492,980,0.00712789996759966,0.00013833199976943434,0.0002987190004205331,0.007266231967369094,0.007426618968020193,0.6873410000116564,0.011261400009971112,0.6986024000216275
bub_0020.obj,492,980,0.007137100037652999,0.00012694699980784208,0.0002935470000375062,0.007264047037460841,0.0074306470376905055,0.6880931999767199,0.010481700010132045,0.698574899986852
bub_0021.obj,492,980,0.007204400026239455,0.00012957200000528245,0.0002923030004603788,0.0073339720262447375,0.007496703026699834,0.6840758000034839,0.011532200034707785,0.6956080000381917
bub_0022.obj,492,980,0.007618099974934012,0.0001512989995535463,0.0002987660001963377,0.007769398974487558,0.00791686597513035,0.7149426999967545,0.011688099999446422,0.726630799996201
bub_0023.obj,492,980,0.007052200031466782,0.0002342290000524372,0.0002926609996939078,0.007286429031519219,0.00734486103116069,0.6866712999762967,0.011335899995174259,0.698007199971471
bub_0024.obj,492,980,0.007292900001630187,0.00014948700030799954,0.00029437199991662056,0.0074423870019381866,0.007587272001546808,0.7176454999716952,0.011409700033254921,0.7290552000049502
bub_0025.obj,492,980,0.007276299991644919,0.00021992600057274103,0.0002958010003203526,0.00749622599221766,0.007572100991965271,0.6937954000313766,0.01176399999530986,0.7055594000266865
bub_0026.obj,492,980,0.007251700037159026,0.0001373030000831932,0.00029606199997942893,0.007389003037242219,0.007547762037138455,0.7020084999967366,0.01336570002604276,0.7153742000227794
bub_0027.obj,492,980,0.007097099965903908,0.00015704700024798512,0.0004980169999180362,0.007254146966151893,0.007595116965821944,0.686312599980738,0.012462800019420683,0.6987754000001587
bub_0028.obj,492,980,0.0072968999738805,0.00025908999959938227,0.0004895770002622158,0.007555989973479882,0.007786476974142715,0.7207625000155531,0.012562599964439869,0.733325099979993
bub_0029.obj,492,980,0.007226699963212013,0.0001189439999870956,0.00034648000029847026,0.007345643963199109,0.007573179963510483,0.698821300000418,0.012259599985554814,0.7110808999859728
bub_0030.obj,492,980,0.007284199993591756,0.00011431800026912242,0.0002945329999784008,0.007398517993860878,0.007578732993570156,0.6898302999907173,0.012588599987793714,0.702418899978511
bub_0031.obj,492,980,0.007438400003593415,0.0001169429998844862,0.00029770300025120375,0.007555343003477901,0.0077361030038446185,0.6971062999800779,0.012694099976215512,0.7098003999562934
bub_0032.obj,492,980,0.007341899967286736,0.00012808400031644852,0.0002967499999795109,0.0074699839676031846,0.007638649967266247,0.7080601999768987,0.012794000038411468,0.7208542000153102
bub_0033.obj,492,980,0.007138499990105629,0.00011209099960979074,0.0002932339999824762,0.007250590989715419,0.0074317339900881055,0.7199702000361867,0.013102500000968575,0.7330727000371553
bub_0034.obj,492,980,0.007474099984392524,0.00013649100030306726,0.0002959250001003966,0.007610590984695591,0.007770024984492921,0.6998640000238083,0.012982900021597743,0.7128469000454061
bub_0035.obj,492,980,0.007342299970332533,0.00012914700026158242,0.0002980259998003021,0.007471446970594115,0.007640325970132835,0.6962036999757402,0.01264979998813942,0.7088534999638796
bub_0036.obj,492,980,0.007303299964405596,0.00014183900028001518,0.00036531999998260287,0.007445138964685611,0.007668619964388199,0.7182248999597505,0.012699900020379573,0.73092479998013
bub_0037.obj,492,980,0.007274900039192289,0.00011302599974442273,0.0002928230003453791,0.007387926038936712,0.0075677230395376684,0.7051399000338279,0.012954699981492013,0.7180946000153199
bub_0038.obj,492,980,0.007375099987257272,0.00011771299992688,0.00029412099975161253,0.007492812987184152,0.007669220987008884,0.7080057999701239,0.012851300009060651,0.7208570999791846
bub_0039.obj,492,980,0.007299399992916733,0.00015268600021954625,0.0002948949998244643,0.00745208599313628,0.007594294992741197,0.7339136999798939,0.01294480002252385,0.7468585000024177
bub_0040.obj,492,980,0.007358799979556352,0.000204712999984622,0.00029437499993946405,0.007563512979540974,0.007653174979495816,0.7420053000096232,0.013471399957779795,0.755476699967403
bub_0041.obj,492,980,0.00738429999910295,0.00019203300005756318,0.00037057300040032714,0.007576332999160513,0.007754872999503277,0.7150974999531172,0.012626200041268021,0.7277236999943852
bub_0042.obj,492,980,0.007458600040990859,0.00015762199996970593,0.00029205700033344326,0.007616222040960565,0.007750657041324303,0.7158263999735937,0.01259669999126345,0.7284230999648571
bub_0043.obj,492,980,0.007294500013813376,0.0002527330000884831,0.00029222500044852497,0.007547233013901859,0.0075867250142619014,0.7496874999487773,0.012543100048787892,0.7622305999975652
bub_0044.obj,492,980,0.007291699992492795,0.00012758999946527183,0.00029444700048770757,0.007419289991958067,0.007586146992980503,0.7155376999871805,0.012646900024265051,0.7281846000114456
bub_0045.obj,492,980,0.007319500029552728,0.00013798900006804616,0.0002936809998936951,0.007457489029620774,0.007613181029446423,0.8037725000176579,0.012275599990971386,0.8160481000086293
bub_0046.obj,492,980,0.007220500032417476,0.00024888800049666316,0.0002924539998639375,0.00746938803291414,0.007512954032281413,0.818073500005994,0.012103399960324168,0.8301768999663182
bub_0047.obj,492,980,0.0072799999616108835,0.00012748199980705977,0.0002942769997753203,0.007407481961417943,0.007574276961386204,0.7541345999925397,0.012267099984455854,0.7664016999769956
bub_0048.obj,492,980,0.007213100034277886,0.00013281500025186688,0.00029595900035928936,0.007345915034529753,0.007509059034637175,0.7369186999858357,0.01227349997498095,0.7491921999608167
bub_0049.obj,492,980,0.007306099985726178,0.00018375900050159543,0.00030003399995621294,0.007489858986227773,0.007606133985682391,0.8345357000362128,0.012185400002636015,0.8467211000388488
bub_0050.obj,492,980,0.007279199955519289,0.00013169300043955445,0.0002902600000379607,0.007410892955958843,0.007569459955557249,0.8194627000484616,0.011801099986769259,0.8312638000352308
bub_0051.obj,492,980,0.007445199997164309,0.00011515600024722517,0.00029611999983899297,0.007560355997411534,0.007741319997003302,0.8270921999937855,0.012013900035526603,0.8391061000293121
bub_0052.obj,492,980,0.007204099965747446,0.00013507099996786564,0.00047183599963318557,0.007339170965715311,0.007675935965380631,0.9974855000036769,0.01168239995604381,1.0091678999597207
bub_0053.obj,492,980,0.0071959999622777104,0.000253058000234887,0.00030200599983800204,0.007449057962512598,0.007498005962115712,0.8256621999898925,0.011610299989115447,0.837272499979008
bub_0054.obj,492,980,0.007261499995365739,0.00024329100036993623,0.000293445999850519,0.007504790995735675,0.007554945995216258,0.8472645999863744,0.01139790000161156,0.8586624999879859
bub_0055.obj,492,980,0.007198599982075393,0.00013469700003042816,0.0002966450003441423,0.007333296982105822,0.007495244982419535,0.7828031000099145,0.010334399994462729,0.7931375000043772
bub_0056.obj,492,980,0.007352799992077053,0.0001345010002842173,0.0002972260001115501,0.00748730099236127,0.0076500259921886025,0.7938389000482857,0.011375500005669892,0.8052144000539556
bub_0057.obj,492,980,0.007382200041320175,0.00025223399978131056,0.0003003650001483038,0.007634434041101486,0.0076825650414684785,0.7762652999954298,0.01174180000089109,0.7880070999963209
bub_0058.obj,492,980,0.007671100029256195,0.00012241099961102009,0.0002958319999743253,0.0077935110288672145,0.00796693202923052,0.7453883999842219,0.011513100005686283,0.7569014999899082
bub_0059.obj,492,980,0.007134300016332418,0.00013629699999000876,0.0002969260001555085,0.007270597016322426,0.0074312260164879265,0.7120137000456452,0.011484199960250407,0.7234979000058956
bub_0060.obj,492,980,0.007152699981816113,0.00026495700003579257,0.0003008850000333041,0.007417656981851905,0.007453584981849417,0.7103060000226833,0.01194019999820739,0.7222462000208907
bub_0061.obj,492,980,0.007138699991628528,0.00013537799997720868,0.00029539200011640787,0.007274077991605736,0.007434091991744936,0.7024745999951847,0.012068799987901002,0.7145433999830857
bub_0062.obj,492,980,0.0072197000263258815,0.00010813000029884279,0.00029081900021992623,0.007327830026624725,0.0075105190265458074,0.7269644999760203,0.012125100009143353,0.7390895999851637
bub_0063.obj,492,980,0.007265899970661849,0.0001976779999677092,0.000293503999710083,0.007463577970629558,0.007559403970371931,0.7474501000251621,0.012834099994506687,0.7602842000196688
bub_0064.obj,492,980,0.007409800018649548,0.00013314399984665215,0.0003027079999446869,0.0075429440184962004,0.007712508018594235,0.7119237999431789,0.012375200050882995,0.7242989999940619
bub_0065.obj,492,980,0.007436000043526292,0.00013934899994637816,0.0002936059999046847,0.00757534904347267,0.007729606043430977,0.7728477999917232,0.012844800017774105,0.7856926000094973
bub_0066.obj,492,980,0.007369499944616109,0.00011799499974586069,0.0002965250000124797,0.00748749494436197,0.0076660249446285885,0.8032541999709792,0.01242029998684302,0.8156744999578223
bub_0067.obj,492,980,0.007250300026498735,0.00012372000026516616,0.0003655949997482821,0.007374020026763901,0.007615895026247017,0.7680491999490187,0.012870000035036355,0.780919199984055
bub_0068.obj,492,980,0.007254500000271946,0.00025925399968400596,0.000299537000246346,0.007513753999955952,0.007554037000518292,0.7135448000044562,0.013195600011385977,0.7267404000158422
bub_0069.obj,492,980,0.007333099958486855,0.00013058500015176834,0.0002951700001722202,0.007463684958638623,0.007628269958659075,0.7477426999830641,0.01310179999563843,0.7608444999787025
bub_0070.obj,492,980,0.007302999962121248,0.000252617999794893,0.0002985439996700734,0.007555617961916141,0.007601543961791322,0.7377545000053942,0.013298199977725744,0.75105269998312
bub_0071.obj,492,980,0.007394099957309663,0.00019448100007139147,0.00029580799979157747,0.007588580957381055,0.0076899079571012404,0.7547948000137694,0.01291830005357042,0.7677131000673398
bub_0072.obj,492,980,0.007170400000177324,0.0002521219995105639,0.0002933749998919666,0.007422521999687888,0.007463775000069291,0.8002445999882184,0.013146799989044666,0.8133913999772631
bub_0073.obj,492,980,0.007193700002972037,0.0001252250000834465,0.0002941730001475662,0.007318925003055483,0.007487873003119603,0.7869801999768242,0.013433200016152114,0.8004133999929763
bub_0074.obj,492,980,0.007455300015863031,0.00012469799956306814,0.0002974600001471117,0.007579998015426099,0.007752760016010143,0.7825861999881454,0.013395399961154908,0.7959815999493003
bub_0075.obj,492,980,0.007326100021600723,0.00010463700047694147,0.000292335000121966,0.007430737022077665,0.007618435021722689,0.8176472999621183,0.013530700001865625,0.8311779999639839
bub_0076.obj,492,980,0.0073856000090017915,0.0001381159998709336,0.00030068299965932963,0.007523716008872725,0.007686283008661121,0.8167051000054926,0.013138099981006235,0.8298431999864988
bub_0077.obj,492,980,0.007160699984524399,0.0002624989999458194,0.0003867519996128976,0.007423198984470219,0.007547451984137297,0.7855497000273317,0.01395369996316731,0.799503399990499
bub_0078.obj,492,980,0.007152599981054664,0.00013056800002232195,0.0002932109998073429,0.007283167981076985,0.007445810980862007,0.8020980000146665,0.013657300034537911,0.8157553000492044
bub_0079.obj,492,980,0.007337199989706278,0.0002494360000127926,0.00029321199981495737,0.00758663598971907,0.007630411989521235,0.8382494999677874,0.013104000012390316,0.8513534999801777
bub_0080.obj,492,980,0.007628499995917082,0.0001287639996735379,0.0002931660000467673,0.00775726399559062,0.00792166599596385,0.8206350000109524,0.01260249997721985,0.8332374999881722
bub_0081.obj,492,980,0.007331100001465529,0.00022218399972189217,0.0002934839995577931,0.007553284001187421,0.007624584001023322,0.8558123999973759,0.012913400016259402,0.8687258000136353
bub_0082.obj,492,980,0.007241599960252643,0.0001288420002674684,0.00029268599988427016,0.007370441960520111,0.007534285960136913,0.8267766000353731,0.01310909999301657,0.8398857000283897
bub_0083.obj,492,980,0.007184699992649257,0.00012217000010423363,0.00029116100049577656,0.007306869992753491,0.007475860993145034,0.8344566999585368,0.012189900036901236,0.846646599995438
bub_0084.obj,492,980,0.007347500009927899,0.00011998199974186719,0.00030062699981499465,0.007467482009669766,0.007648127009742893,0.8451374000287615,0.01247069996315986,0.8576080999919213
bub_0085.obj,492,980,0.007507100002840161,0.00024770400021225216,0.0002934629999799654,0.007754804003052413,0.007800563002820127,0.8666083000134677,0.011867299966979772,0.8784755999804474
bub_0086.obj,492,980,0.007459099986590445,0.00013736599998082966,0.0002985030005220324,0.0075964659865712745,0.007757602987112477,0.8681289000087418,0.011907000036444515,0.8800359000451863
bub_0087.obj,492,980,0.00724210002226755,0.00013015000033192336,0.0002939549996517599,0.007372250022599474,0.00753605502191931,0.8653439999907278,0.01205859996844083,0.8774025999591686
bub_0088.obj,492,980,0.0073028000188060105,0.00013394599955063313,0.0002941169997211546,0.007436746018356644,0.007596917018527165,0.8828745999489911,0.011984500044491142,0.8948590999934822
bub_0089.obj,492,980,0.0073732000309973955,0.0002660510002169758,0.0002936819999013096,0.007639251031214371,0.007666882030898705,0.8651331000146456,0.011730999976862222,0.8768640999915078
bub_0090.obj,492,980,0.007227900030557066,0.00013391799991950394,0.000292644000146538,0.00736181803047657,0.007520544030703604,0.8757928999839351,0.011326399981044233,0.8871192999649793
bub_0091.obj,492,980,0.007414799998514354,0.00011983399977907538,0.00029370900010690094,0.0075346339982934295,0.007708508998621255,0.8540613999939524,0.01175659999717027,0.8658179999911226
bub_0092.obj,492,980,0.007407999946735799,0.00010829900042153894,0.0002977730002021417,0.007516298947157338,0.007705772946937941,0.8646952999988571,0.01165140001103282,0.8763467000098899
bub_0093.obj,492,980,0.007383099989965558,0.00010728099965490401,0.0002970010001445189,0.0074903809896204624,0.007680100990110077,0.8673360999673605,0.011123500007670373,0.8784595999750309
bub_0094.obj,492,980,0.007479300023987889,0.00013471400015987455,0.0002942589996382594,0.007614014024147764,0.007773559023626149,0.8777577999862842,0.011530899966601282,0.8892886999528855
bub_0095.obj,492,980,0.007423000002745539,0.00014319900015834718,0.0002962060004938394,0.007566199002903886,0.0077192060032393785,0.8690223000012338,0.011411799991037697,0.8804340999922715
bub_0096.obj,492,980,0.0072597999824211,0.0001271509996149689,0.00029661299951840194,0.007386950982036069,0.007556412981939502,0.8637158999918029,0.011189599987119436,0.8749054999789223
bub_0097.obj,492,980,0.0071758999838493764,0.00012980500003322959,0.000294185999664478,0.007305704983882606,0.007470085983513854,0.8650680999853648,0.011106299993116409,0.8761743999784812
bub_0098.obj,492,980,0.007203199958894402,0.00013440200011245905,0.0002947589999530464,0.007337601959006861,0.007497958958847448,0.8636968999635428,0.01123960001859814,0.874936499982141
bub_0099.obj,492,980,0.007194799953140318,0.0001543949998449534,0.0002979170001344755,0.007349194952985272,0.007492716953274794,0.9008313999511302,0.010978000005707145,0.9118093999568373
bub_0100.obj,492,980,0.007203200017102063,0.00021891499985940755,0.0003539830003865063,0.00742211501696147,0.007557183017488569,0.898837500018999,0.010047400020994246,0.9088849000399932
bub_0101.obj,492,980,0.00743920000968501,0.00013171800004784017,0.00029601400019600986,0.00757091800973285,0.007735214009881019,0.8717933999723755,0.010750300018116832,0.8825436999904923
bub_0102.obj,492,980,0.007258899975568056,0.00014887900033500046,0.0002926470001693815,0.0074077789759030566,0.007551546975737438,0.8695891999523155,0.010886500007472932,0.8804756999597885
bub_0103.obj,492,980,0.0072747000376693904,0.0001329150004312396,0.00029328000033274293,0.00740761503810063,0.007567980038002134,0.8725387000013143,0.010968099988531321,0.8835067999898456
bub_0104.obj,492,980,0.0072481000097468495,0.00012927600007969886,0.0002944720000959933,0.007377376009826548,0.007542572009842843,0.9296336999977939,0.011185600014869124,0.940819300012663
bub_0105.obj,492,980,0.007333700021263212,0.00013188100012484938,0.0002927210001507774,0.007465581021388061,0.007626421021413989,0.7673247000202537,0.011126299970783293,0.778450999991037
bub_0106.obj,492,980,0.007384099997580051,0.00013333800015971064,0.0002928800001973286,0.007517437997739762,0.00767697999777738,0.7521543999901041,0.011837099969852716,0.7639914999599569
bub_0107.obj,492,980,0.007051199965644628,0.00013544299989007413,0.0002914880000753328,0.007186642965534702,0.00734268796571996,0.7564256000332534,0.010992399998940527,0.767418000032194
bub_0108.obj,492,980,0.007122599985450506,0.00012946800037752837,0.00029510000022128227,0.007252067985828035,0.007417699985671789,0.6852306999498978,0.011231800017412752,0.6964624999673106
bub_0109.obj,492,980,0.007217499951366335,0.0002544310002122074,0.000296675999998115,0.007471930951578542,0.0075141759513644504,0.7148622000240721,0.011257399979513139,0.7261196000035852
bub_0110.obj,492,980,0.00711609999416396,0.000135833999956958,0.0003023530001519248,0.007251933994120918,0.007418452994315885,0.6831827000132762,0.011071599961724132,0.6942542999750003
bub_0111.obj,492,980,0.007276899996213615,0.00012994299991987647,0.0002965360000962392,0.007406842996133491,0.007573435996309854,0.7069540999946184,0.011113199987448752,0.7180672999820672
bub_0112.obj,492,980,0.007202800014056265,0.00013358199968934058,0.00029370600008405746,0.007336382013745606,0.007496506014140323,0.6975377000053413,0.011827400012407452,0.7093651000177488
bub_0113.obj,492,980,0.007229000038933009,0.0002484219998586923,0.00029814500012435017,0.007477422038791701,0.007527145039057359,0.712444200005848,0.011312999995425344,0.7237572000012733
bub_0114.obj,492,980,0.007210700016003102,0.00012278700014576316,0.0002942929998971522,0.007333487016148865,0.007504993015900254,0.6845856999862008,0.012632000027224422,0.6972177000134252
bub_0115.obj,492,980,0.0073302999953739345,0.00011873900017235428,0.000295180999673903,0.0074490389955462885,0.007625480995047837,0.6934426999650896,0.011898200027644634,0.7053408999927342
bub_0116.obj,492,980,0.007282800041139126,0.0001310300000477582,0.0002979179995600134,0.007413830041186884,0.0075807180406991395,0.6928000000189058,0.011703900003340095,0.7045039000222459
bub_0117.obj,492,980,0.007208700000774115,0.00013040299993008375,0.00029595499974675475,0.007339103000704199,0.0075046550005208705,0.6951775999623351,0.012522400007583201,0.7076999999699183
bub_0118.obj,492,980,0.007152499980293214,0.00013173800020013004,0.0002951540000503883,0.007284237980493344,0.0074476539803436026,0.7064830000163056,0.012426299974322319,0.7189092999906279
bub_0119.obj,492,980,0.007168699987232685,0.00013497600040864198,0.0002952430001460016,0.007303675987641327,0.007463942987378687,0.6992072000284679,0.012270400009583682,0.7114776000380516
bub_0120.obj,492,980,0.0072416000184603035,0.0001250910002272576,0.000293385999975726,0.007366691018687561,0.007534986018436029,0.6951586999930441,0.012207699997816235,0.7073663999908604
bub_0121.obj,492,980,0.007208199996966869,0.00011685599980410189,0.0002934730000561103,0.007325055996770971,0.007501672997022979,0.7249457000289112,0.012576900015119463,0.7375226000440307
bub_0122.obj,492,980,0.00723019998986274,0.00013382899982389062,0.00029733799980022016,0.00736402898968663,0.00752753798966296,0.7489078000071459,0.0127698999713175,0.7616776999784634
bub_0123.obj,492,980,0.007083799981046468,0.00010703900014050305,0.0002930860000196844,0.007190838981186971,0.0073768859810661525,0.7115916000329889,0.01264979998813942,0.7242414000211284
bub_0124.obj,492,980,0.007267099979799241,0.00017834500002209097,0.0002916219999315217,0.0074454449798213316,0.007558721979730763,0.7841681999852881,0.012718899990431964,0.79688709997572
bub_0125.obj,492,980,0.007363700016867369,0.00013965000049211086,0.0002953130000969395,0.00750335001735948,0.0076590130169643085,0.8273590999888256,0.012711399991530925,0.8400704999803565
bub_0126.obj,492,980,0.007415700005367398,0.00012082699977327138,0.0002980110002681613,0.0075365270051406695,0.0077137110056355596,0.8267305999761447,0.013234800018835813,0.8399653999949805
bub_0127.obj,492,980,0.007487800030503422,0.0001323069998761639,0.0002954020001925528,0.007620107030379586,0.007783202030695975,0.8274670999962837,0.013014699972700328,0.840481799968984
bub_0128.obj,492,980,0.0074145999969914556,0.0002536039997357875,0.00029622599948197603,0.0076682039967272434,0.007710825996473432,0.8729239000240341,0.01392870000563562,0.8868526000296697
bub_0129.obj,492,980,0.007444099988788366,0.00011177899956237525,0.00029522099997848273,0.007555878988350742,0.007739320988766849,0.8701063999906182,0.012936999963130802,0.883043399953749
bub_0130.obj,492,980,0.007410599966533482,0.00013068800035398453,0.0002946180000435561,0.007541287966887467,0.007705217966577038,0.86035220004851,0.013402400014456362,0.8737546000629663
bub_0131.obj,492,980,0.0074687000014819205,0.0001211949996650219,0.0002952229999937117,0.007589895001146942,0.007763923001475632,0.8715388000127859,0.013043900020420551,0.8845827000332065
bub_0132.obj,492,980,0.007524500018917024,0.00013638700009323656,0.00035703300032764675,0.00766088701901026,0.007881533019244671,0.8622431000112556,0.013059099961537868,0.8753021999727935
bub_0133.obj,492,980,0.007409900019410998,0.000192296999739483,0.00029655099962837993,0.0076021970191504805,0.007706451019039377,0.8980264000128955,0.012557499983813614,0.9105838999967091
bub_0134.obj,492,980,0.007417699962388724,0.00012643299996852874,0.00029440399957820774,0.007544132962357253,0.007712103961966932,0.8624230999848805,0.012653400015551597,0.8750765000004321
bub_0135.obj,492,980,0.007418700028210878,0.00013298099976964296,0.00029624300019349904,0.007551681027980522,0.007714943028404377,0.8734690999845043,0.01210920000448823,0.8855782999889925
bub_0136.obj,492,980,0.007414700055960566,0.00012690200004726647,0.0002939959999639541,0.007541602056007833,0.0077086960559245195,0.8903622000361793,0.011879700003191829,0.9022419000393711
bub_0137.obj,492,980,0.0075085999560542405,9.84219997189939e-05,0.0002977610001107678,0.007607021955773234,0.007806360956165008,0.8872768000001088,0.012040000001434237,0.899316800001543
bub_0138.obj,492,980,0.007203900022432208,0.00013028700021095575,0.00029497600044123826,0.007334187022643164,0.007498876022873446,0.8836548000108451,0.012258899980224669,0.8959136999910697
bub_0139.obj,492,980,0.007320899982005358,0.00013058400014415384,0.0002927759999874979,0.007451483982149512,0.007613675981992855,0.9042805999633856,0.01220100000500679,0.9164815999683924
bub_0140.obj,492,980,0.007158799970056862,0.000222774000139907,0.0002963800000725314,0.007381573970196769,0.007455179970129393,0.8957005999982357,0.011677299975417554,0.9073778999736533
bub_0141.obj,492,980,0.007361900003161281,0.00013499799999408424,0.00029177799995522947,0.007496898003155366,0.007653678003116511,0.8974450000096112,0.01221279997844249,0.9096577999880537
bub_0142.obj,492,980,0.0071826999774202704,0.00025795600027777254,0.0003562560002319515,0.007440655977698043,0.007538955977652222,0.9264830999891274,0.01158900000154972,0.9380720999906771
bub_0143.obj,492,980,0.007334200025070459,0.00012840700044762344,0.0002957990003051236,0.007462607025518082,0.007629999025375582,0.9073856999748386,0.01143210002919659,0.9188178000040352
bub_0144.obj,492,980,0.0072948000160977244,0.00012973400007467716,0.0002981869998620823,0.007424534016172402,0.007592987015959807,0.9128372999839485,0.011565599997993559,0.924402899981942
bub_0145.obj,492,980,0.0073148999945260584,0.0001278599997749552,0.0002917539997724816,0.007442759994301013,0.00760665399429854,0.941594600037206,0.01052959996741265,0.9521242000046186
bub_0146.obj,492,980,0.0072607999900355935,0.00012728400004561992,0.00029714600008446724,0.007388083990081213,0.0075579459901200605,0.9316974999965169,0.011109900020528585,0.9428074000170454
bub_0147.obj,492,980,0.00728650001110509,0.00013374999980442226,0.00029407599999103695,0.007420250010909513,0.007580576011096127,0.9406049999524839,0.011366099992301315,0.9519710999447852
bub_0148.obj,492,980,0.0073556999559514225,0.0001314779999665916,0.00029426600027363745,0.007487177955918014,0.00764996595622506,0.9700770999770612,0.01146609999705106,0.9815431999741122
bub_0149.obj,492,980,0.0074251999612897635,0.00013013600022532046,0.00029931000026408585,0.0075553359615150835,0.00772450996155385,0.9904350999859162,0.01193729997612536,1.0023723999620415
bub_0150.obj,492,980,0.007242599967867136,0.00013199999986682087,0.00029346199997235087,0.007374599967733957,0.007536061967839487,0.9460151000530459,0.011784400034230202,0.9577995000872761
bub_0151.obj,492,980,0.00743170001078397,0.00012203000020235777,0.0002944289997685701,0.007553730010986328,0.007726129010552541,0.9558655000291765,0.012434499978553504,0.96830000000773
bub_0152.obj,492,980,0.007533999974839389,0.00012937799969222396,0.00035493600007612257,0.007663377974531613,0.007888935974915513,0.9499032000312582,0.012157199962530285,0.9620603999937885
bub_0153.obj,492,980,0.0073287999839521945,0.00013817100028973073,0.00029631400015205144,0.007466970984241925,0.007625113984104246,0.9731372000533156,0.012572099978569895,0.9857093000318855
bub_0154.obj,492,980,0.007263700012117624,0.00010856499953661114,0.00029109499999321995,0.007372265011654235,0.007554795012110844,0.9834063000162132,0.013165099953766912,0.9965713999699801
bub_0155.obj,492,980,0.007361299998592585,0.0001342610002029687,0.0002956549997907132,0.007495560998795554,0.0076569549983832984,0.9884111999999732,0.01244560000486672,1.00085680000484
bub_0156.obj,492,980,0.0075718999723903835,0.00014788799977395685,0.0002946079999674112,0.00771978797216434,0.007866507972357795,1.0050073000020348,0.012327400036156178,1.017334700038191
bub_0157.obj,492,980,0.007398199988529086,0.00014927800046280027,0.00029106000030878934,0.007547477988991886,0.007689259988837876,0.8729536999599077,0.013455600012093782,0.8864092999720015
bub_0158.obj,492,980,0.007426299969665706,0.0001308280002558604,0.000295172999612987,0.007557127969921567,0.007721472969278693,0.7793850000016391,0.012554100016131997,0.7919391000177711
bub_0159.obj,492,980,0.007253299991134554,0.00013164800009690225,0.00029230399988591674,0.0073849479912314565,0.007545603991020471,0.7491643999819644,0.013001999992411584,0.762166399974376
bub_0160.obj,492,980,0.007116499997209758,0.00012672499986365437,0.00029819999996107073,0.007243224997073412,0.007414699997170828,0.7422314999857917,0.013077099982183427,0.7553085999679752
bub_0161.obj,492,980,0.0071989999851211905,0.00012949600000865757,0.0002938640001229942,0.007328495985129848,0.007492863985244185,0.7164729000069201,0.013024499989114702,0.7294973999960348
bub_0162.obj,492,980,0.0073862000135704875,0.00013667399995028972,0.00035720299987588075,0.007522874013520777,0.007743403013446368,0.7260028999880888,0.013174800027627498,0.7391777000157163
bub_0163.obj,492,980,0.007123299990780652,0.00025106600020080805,0.0002933910000137985,0.00737436599098146,0.00741669099079445,0.7130020000040531,0.013084499980323017,0.7260864999843761
bub_0164.obj,492,980,0.0073367999866604805,0.0002541850000852719,0.0003558119997614995,0.007590984986745752,0.00769261198642198,0.7064883999992162,0.013300199992954731,0.7197885999921709
bub_0165.obj,492,980,0.007298999989870936,0.00017507700016722083,0.0002936109999427572,0.007474076990038156,0.0075926109898136925,0.7188547999830917,0.013403600023593754,0.7322584000066854
bub_0166.obj,492,980,0.007132700004149228,0.00013144199969246983,0.0002930630004266277,0.007264142003841698,0.007425763004575856,0.712056600023061,0.013320499972905964,0.725377099995967
bub_0167.obj,492,980,0.007195800018962473,0.0001470200001494959,0.00029296499968040735,0.007342820019111969,0.00748876501864288,0.7029528000275604,0.0129373999661766,0.715890199993737
bub_0168.obj,492,980,0.007233400014229119,0.0002471079997485504,0.0002908409998053685,0.007480508013977669,0.007524241014034487,0.7180645000189543,0.012798300012946129,0.7308628000319004
bub_0169.obj,492,980,0.007299999997485429,0.00021594799996819348,0.0002953579998575151,0.0075159479974536226,0.007595357997342944,0.7130746999755502,0.012792600027751178,0.7258673000033014
bub_0170.obj,492,980,0.007263900013640523,0.00012438300007488578,0.00029897500004153697,0.007388283013715409,0.00756287501368206,0.7031137999729253,0.012451999995391816,0.7155657999683172
bub_0171.obj,492,980,0.007229200040455908,0.00013569500006269664,0.00029678899969439956,0.007364895040518604,0.007525989040150307,0.7011906999978237,0.01260550000006333,0.713796199997887
bub_0172.obj,492,980,0.007168800046201795,0.00013764800038188697,0.00029814899957273153,0.007306448046583682,0.007466949045774527,0.7022767000016756,0.012438300007488579,0.7147150000091642
bub_0173.obj,492,980,0.007280800025910139,0.0001288689998909831,0.0002946370001882315,0.007409669025801122,0.007575437026098371,0.7013363000005484,0.01237119996221736,0.7137074999627657
bub_0174.obj,492,980,0.007308500004000962,0.0001313879998633638,0.0002944379998371005,0.007439888003864326,0.007602938003838062,0.7065229999716394,0.012294200016185641,0.718817199987825
bub_0175.obj,492,980,0.007435699983034283,0.0002440779999596998,0.0002917980001075193,0.007679777982993983,0.007727497983141802,0.7286767000332475,0.012012399965897202,0.7406890999991447
bub_0176.obj,492,980,0.007350200030487031,0.00013412199972663076,0.00029076399980112913,0.007484322030213661,0.00764096403028816,0.7034992999979295,0.011947799997869879,0.7154470999957994
bub_0177.obj,492,980,0.007442599977366626,0.0001353019999805838,0.00029619500041008,0.00757790197734721,0.007738794977776706,0.6970894000260159,0.011774999962653965,0.7088643999886699
bub_0178.obj,492,980,0.007166000024881214,0.00011636899958830326,0.000287916999659501,0.007282369024469517,0.007453917024540715,0.7312820999650285,0.01210620003985241,0.7433883000048809
bub_0179.obj,492,980,0.007428100041579455,0.00012042300018947571,0.00029241600015666335,0.007548523041768931,0.007720516041736118,0.7474131999770179,0.011574900010600686,0.7589880999876186
bub_0180.obj,492,980,0.007151199970394373,0.0002490140002919361,0.0002929420000873506,0.007400213970686309,0.007444141970481723,0.7565985000110231,0.011673400003928691,0.7682719000149518
bub_0181.obj,492,980,0.007262400002218783,0.00013108599989209325,0.0002939290000358596,0.007393486002110876,0.007556329002254642,0.7104589999653399,0.01182180002797395,0.7222807999933138
bub_0182.obj,492,980,0.007359799987170845,0.00022330100007820876,0.00029415099998004736,0.007583100987249054,0.007653950987150893,0.7329388000071049,0.011444200004916638,0.7443830000120215
bub_0183.obj,492,980,0.007083299977239221,0.0001840719999745488,0.00029519000032451003,0.00726737197721377,0.007378489977563732,0.7130731999641284,0.011313800001516938,0.7243869999656454
bub_0184.obj,492,980,0.007315700000617653,0.0001224219996947795,0.00029340499953832476,0.0074381220003124325,0.007609105000155978,0.7405108999810182,0.011479800043161958,0.7519907000241801
bub_0185.obj,492,980,0.00733400002354756,0.00012784499966073782,0.0002936849999241531,0.007461845023208298,0.007627685023471713,0.7712193999905139,0.011581500002648681,0.7828008999931626
bub_0186.obj,492,980,0.007276699994690716,9.779200016055256e-05,0.00036116499977651985,0.007374491994851269,0.007637864994467236,0.7737002000212669,0.011449599987827241,0.7851498000090942
bub_0187.obj,492,980,0.007414699997752905,0.00013776600011624395,0.0002976369997486472,0.007552465997869149,0.007712336997501552,0.7654822000185959,0.01116829999955371,0.7766505000181496
bub_0188.obj,492,980,0.00715180003317073,0.0001146609999705106,0.00029466399981174616,0.007266461033141241,0.007446464032982476,0.7545616999850608,0.01144400000339374,0.7660056999884546
bub_0189.obj,492,980,0.007166100025642663,0.00011050399974919856,0.0002943070000037551,0.007276604025391862,0.007460407025646419,0.8001209999783896,0.011765000002924353,0.8118859999813139
bub_0190.obj,492,980,0.0073090000078082085,0.00013174600026104598,0.00029173900024034085,0.007440746008069254,0.007600739008048549,0.816299700003583,0.010266700002830476,0.8265664000064135
bub_0191.obj,492,980,0.0072456999914720654,0.00013450600032228978,0.00035315199987962843,0.007380205991794355,0.007598851991351694,0.8015810000360943,0.011275199998635799,0.8128562000347301
bub_0192.obj,492,980,0.007302600017283112,0.00013359100033994765,0.00029330099991057066,0.007436191017623059,0.007595901017193683,0.8673536999849603,0.010737499978858978,0.8780911999638192
bub_0193.obj,492,980,0.007283999992068857,0.00013970899977721273,0.00029317300010006875,0.00742370899184607,0.007577172992168926,0.8226417999831028,0.011561200022697449,0.8342030000058003
bub_0194.obj,492,980,0.007308300002478063,0.00018905500008258968,0.00029945300018880517,0.007497355002560653,0.0076077530026668685,0.8496998000191525,0.01119799999287352,0.860897800012026
bub_0195.obj,492,980,0.007233499956782907,0.00013538100000005216,0.0002967369998805225,0.00736888095678296,0.00753023695666343,0.852004200045485,0.011296800046693534,0.8633010000921786
bub_0196.obj,492,980,0.007303600024897605,0.0001333470002282411,0.00029456599964760243,0.007436947025125846,0.007598166024545208,0.8684695999836549,0.011280100035946816,0.8797497000196017
bub_0197.obj,492,980,0.007290600042324513,0.00013093800051137806,0.0002906069997698069,0.007421538042835891,0.00758120704209432,0.867234900011681,0.012148899957537651,0.8793837999692187
bub_0198.obj,492,980,0.007227500027511269,0.00013881599996238948,0.000292512999731116,0.007366316027473658,0.0075200130272423844,0.9243103000335395,0.010998799989465624,0.9353091000230052
bub_0199.obj,492,980,0.00728199997683987,0.00013761800015345217,0.0002962440002011135,0.007419617976993322,0.007578243977040984,0.8946041999734007,0.011987200006842613,0.9065913999802433
bub_0200.obj,492,980,0.007419500034302473,0.00014250700012780727,0.00030103299999609587,0.007562007034430281,0.007720533034298569,0.8876485000364482,0.011173999984748662,0.8988225000211969
bub_0201.obj,492,980,0.007439499953761697,0.00013079099997412413,0.00029162999999243766,0.007570290953735821,0.0077311299537541345,0.8865036000497639,0.011226799979340285,0.8977304000291042
bub_0202.obj,492,980,0.007351700041908771,0.0001235340000130236,0.0002977190003730357,0.007475234041921794,0.007649419042281807,0.8888433999964036,0.012130499992053956,0.9009738999884576
bub_0203.obj,492,980,0.007242400024551898,0.0002526570000918582,0.00029518899973481896,0.007495057024643756,0.0075375890242867175,0.9083358999923803,0.011468800017610192,0.9198047000099905
bub_0204.obj,492,980,0.007277400000020862,0.00010262300027534365,0.0003575729997828603,0.007380023000296205,0.007634972999803722,0.9069218999939039,0.011479099979624152,0.9184009999735281
bub_0205.obj,492,980,0.007373400032520294,0.00019419700023718179,0.000296678000013344,0.007567597032757476,0.007670078032533638,0.9350252000149339,0.011687699996400625,0.9467129000113346
bub_0206.obj,492,980,0.007121399976313114,0.00012462900020182132,0.000295992000028491,0.007246028976514936,0.007417391976341605,0.9134442000067793,0.011726999946404248,0.9251711999531835
bub_0207.obj,492,980,0.007393899955786765,9.993100014980882e-05,0.0002990359999239445,0.007493830955936574,0.007692935955710709,0.9447487999568693,0.011958500021137297,0.9567072999780066
bub_0208.obj,492,980,0.007285400002729148,0.00010824800003319979,0.0002910699998028576,0.007393648002762348,0.007576470002532005,0.9618417000165209,0.012066599971149117,0.97390829998767
bub_0209.obj,492,980,0.007278600009158254,0.0002489389997208491,0.00029544099990744146,0.007527539008879103,0.007574041009065695,0.8400182999903336,0.012289499980397522,0.8523077999707311
bub_0210.obj,492,980,0.007206899987068027,0.0001051049999659881,0.0002962889999616891,0.007312004987034016,0.007503188987029717,0.7538635999662802,0.012928900017868727,0.7667924999841489
bub_0211.obj,492,980,0.007215800054837018,0.00013421000039670616,0.0002949280000757426,0.007350010055233724,0.0075107280549127605,0.7495507999556139,0.012603000039234757,0.7621537999948487
bub_0212.obj,492,980,0.007123899995349348,0.00010796199960168451,0.0002940220001619309,0.007231861994951032,0.0074179219955112785,0.7099873999832198,0.012824100034777075,0.7228115000179969
bub_0213.obj,492,980,0.007282499980647117,0.00012798199953977017,0.0002965579996816814,0.007410481980186887,0.007579057980328798,0.6932135000242852,0.01258200005395338,0.7057955000782385
bub_0214.obj,492,980,0.007280500023625791,0.00025695900025311856,0.0002978139999322593,0.00753745902387891,0.0075783140235580505,0.7001225000130944,0.012955899990629405,0.7130784000037238
bub_0215.obj,492,980,0.007194300007540733,0.0001289869996253401,0.00029286600009072574,0.007323287007166073,0.007487166007631458,0.6957359999651089,0.013059600023552775,0.7087955999886617
bub_0216.obj,492,980,0.00746140000410378,0.00013245300040580333,0.000294183999649249,0.007593853004509583,0.0077555840037530285,0.6970669999718666,0.012832399981562048,0.7098993999534287
bub_0217.obj,492,980,0.007262400002218783,0.00011604600003920496,0.00029391399992164226,0.0073784460022579875,0.007556314002140425,0.7086485999752767,0.01332999998703599,0.7219785999623127
bub_0218.obj,492,980,0.0073525000480003655,0.00012967500020749867,0.00029445899999700484,0.0074821750482078645,0.00764695904799737,0.6922883999650367,0.013114100031089038,0.7054024999961257
bub_0219.obj,492,980,0.007404100033454597,0.0002464540000073612,0.0002951619995292276,0.007650554033461958,0.007699262032983825,0.7239869999466464,0.012875400017946959,0.7368623999645934
bub_0220.obj,492,980,0.00722129998030141,0.00024185899994336069,0.0002923220000229776,0.007463158980244771,0.0075136219803243875,0.7213864999939688,0.013159099966287613,0.7345455999602564
bub_0221.obj,492,980,0.0073642999632284045,0.0001069279998773709,0.0002937130001373589,0.007471227963105775,0.0076580129633657635,0.6924807999748737,0.013003100000787526,0.7054838999756612
bub_0222.obj,492,980,0.00731909996829927,0.00013386700011324136,0.00029270999948494136,0.007452966968412511,0.007611809967784211,0.7039959999965504,0.012974300014320761,0.7169703000108711
bub_0223.obj,492,980,0.007426499971188605,0.00012389599985908716,0.00029327299969736484,0.007550395971047692,0.0077197729708859695,0.708641900040675,0.012843600008636713,0.7214855000493117
bub_0224.obj,492,980,0.007442499976605177,0.00012810699990950525,0.0002959479996934533,0.007570606976514682,0.00773844797629863,0.7247078000218607,0.012535999994724989,0.7372438000165857
bub_0225.obj,492,980,0.007222299987915903,0.00013919199991505594,0.0002946079999674112,0.007361491987830959,0.007516907987883315,0.7010888999793679,0.012162800005171448,0.7132516999845393
bub_0226.obj,492,980,0.007317100011277944,0.00025009099976159633,0.000362011999823153,0.00756719101103954,0.007679112011101097,0.764774999988731,0.012298599991481751,0.7770735999802127
bub_0227.obj,492,980,0.007349000021349639,0.00013202700007241218,0.0002927110000746325,0.007481027021422051,0.007641711021424271,0.7709210999892093,0.012465099978726357,0.7833861999679357
bub_0228.obj,492,980,0.007135499967262149,0.00013007499976083636,0.00029275900044012815,0.0072655749670229855,0.007428258967702277,0.7429016000241973,0.01207509997766465,0.7549767000018619
bub_0229.obj,492,980,0.007377200003247708,0.00013501400011591613,0.0002925730001879856,0.007512214003363624,0.007669773003435694,0.742570300004445,0.011888000008184463,0.7544583000126295
bub_0230.obj,492,980,0.007370300008915365,0.0001158170000417158,0.0002927050000289455,0.00748611700895708,0.00766300500894431,0.7312160999863409,0.011825599998701364,0.7430416999850422
bub_0231.obj,492,980,0.007317899959161878,0.00024700599955394863,0.0002952359995106235,0.007564905958715827,0.007613135958672501,0.7372842999757268,0.012147900008130819,0.7494321999838576
bub_0232.obj,492,980,0.007183099980466068,0.00012640300032217054,0.00029401399951893835,0.007309502980788239,0.007477113979985006,0.7059217000496574,0.011390899948310107,0.7173125999979675
bub_0233.obj,492,980,0.007277199998497963,0.00013249599956907332,0.0002956689998973161,0.007409695998067036,0.007572868998395279,0.7023245000164025,0.011467100004665554,0.713791600021068
bub_0234.obj,492,980,0.007382600044365972,0.0002445369999622926,0.0002965069998754188,0.007627137044328265,0.007679107044241391,0.7562941000214778,0.011290299997199327,0.7675844000186771
bub_0235.obj,492,980,0.0072678999858908355,0.00026203799992799757,0.00029758300050161776,0.007529937985818833,0.007565482986392453,0.7583914999850094,0.01022459997329861,0.768616099958308
bub_0236.obj,492,980,0.007270600006449968,0.00021064499975182116,0.00029868300014641137,0.007481245006201789,0.007569283006596379,0.7450603999895975,0.011549999995622784,0.7566103999852203
bub_0237.obj,492,980,0.00733689998742193,0.00012825799989514054,0.0002975380001589656,0.00746515798731707,0.0076344379875808955,0.7789107999997213,0.011692299973219633,0.790603099972941
bub_0238.obj,492,980,0.0073376999935135245,9.694399952422827e-05,0.0002967199997510761,0.007434643993037753,0.007634419993264601,0.7789939000504091,0.011289199988823384,0.7902831000392325
bub_0239.obj,492,980,0.007098699978087097,0.00020289999956730754,0.00029366700036916884,0.007301599977654405,0.007392366978456267,0.8011195999570191,0.012637500010896474,0.8137570999679156
bub_0240.obj,492,980,0.007205299974884838,0.00013597599987406284,0.0002940669999225065,0.007341275974758901,0.007499366974807345,0.7599501999793574,0.01166340004419908,0.7716136000235565

AVERAGE,,,0.00738341958131059,0.0001553527625098165,0.000304566774990235,0.007538772343820407,0.007687986356300826,0.7823023962477843,0.0120998016653175,0.7944021979131018
N_FRAMES,240
HARDWARE_CPU,Intel(R) Core(TM) i9-14900K (32 logical cores)
HARDWARE_GPU,NVIDIA GeForce RTX 5090
NN8_INFER_DEVICES,cpu+cuda
